Part Type,Manufacturer,Series,Part Name,HEM,In Shop,Part Ranking Score,Price,Sell Price,Level,Level %,Steam Version,Platform Lock,Frequency,Cores,Socket,Wattage,Can Overclock,Thermal Throttling,Voltage,Basic CPU Score,Score to value ratio,Default Memory Speed,% increase,Overclock Basic CPU Score,Overclock CPU score increase,Multiplier Step,Number of dies,Max Memory Channels,OC Base Voltage,OC Base Freq,CoreClockMultiplier,MemChannelsMultiplier,MemClockMultiplier,FinalAdjustment,DLC2 Random Jobs,CPU Sort,Asset Path,Full Part Name
CPU,AMD,AMD Ryzen 3,Ryzen 3 Quad Core 1200,,Y,988,140,47,3,1,1.0,,3400,4,AM4,65,Y,95,1.25,2945,21,2666,16.2,3318,12.67,0.25,1,2,1.55,3950,0.002275,0.504442,0.000944,-1.37615,,AMD_AM4_1_1200,Prefabs/CPU/AMD/Ryzen_3_QuadCore_1200,AMD Ryzen 3 Quad Core 1200
CPU,AMD,AMD Ryzen 3,Ryzen 3 Quad Core 1300X,,Y,1058,150,50,3,25,1.0,,3700,4,AM4,65,Y,95,1.3,3153,21,2666,8.1,3337,5.84,0.25,1,2,1.55,4000,0.002055,0.524845,0.000823,-0.26347,,AMD_AM4_1_1300X,Prefabs/CPU/AMD/Ryzen_3_QuadCore_1300X,AMD Ryzen 3 Quad Core 1300X
CPU,AMD,AMD Ryzen 5,Ryzen 5 Quad Core 1400,,Y,1247,170,57,3,1,1.0,,3400,4,AM4,65,Y,95,1.3,3716,21.9,2666,17.6,4150,11.68,0.25,1,2,1.55,4000,0.002428,0.904389,0.00109,-0.49809,,AMD_AM4_1_1400,Prefabs/CPU/AMD/Ryzen_5_QuadCore_1400,AMD Ryzen 5 Quad Core 1400
CPU,AMD,AMD Ryzen 5,Ryzen 5 Quad Core 1500X,,Y,1320,190,63,3,50,1.0,,3700,4,AM4,65,Y,95,1.3,3933,20.7,2666,8.1,4150,5.52,0.25,1,2,1.55,4000,0.002428,0.904389,0.00109,-0.49809,,AMD_AM4_1_1500X,Prefabs/CPU/AMD/Ryzen_5_QuadCore_1500X,AMD Ryzen 5 Quad Core 1500X
CPU,AMD,AMD Ryzen 5,Ryzen 5 Six Core 1600,,Y,1865,260,87,7,1,1.0,,3600,6,AM4,65,Y,95,1.3,5558,21.4,2666,11.1,6116,10.04,0.25,1,2,1.55,4000,0.004675,1.510679,0.001496,-5.18546,,AMD_AM4_1_1600,Prefabs/CPU/AMD/Ryzen_5_SixCore_1600,AMD Ryzen 5 Six Core 1600
CPU,AMD,AMD Ryzen 5,Ryzen 5 Six Core 1600X,,Y,1984,270,90,7,20,1.0,,4000,6,AM4,95,Y,95,1.3,5914,21.9,2666,2.5,5960,0.78,0.25,1,2,1.55,4100,0.001528,1.906138,0.001981,4.643223,,AMD_AM4_1_1600X,Prefabs/CPU/AMD/Ryzen_5_SixCore_1600X,AMD Ryzen 5 Six Core 1600X
CPU,AMD,AMD Ryzen 7,Ryzen 7 Eight Core 1700,,Y,2569,350,117,7,1,1.0,,3700,8,AM4,65,Y,95,1.35,7658,21.9,2666,8.1,8052,5.14,0.25,1,2,1.55,4000,0.004404,3.292705,0.00258,-4.05899,,AMD_AM4_1_1700,Prefabs/CPU/AMD/Ryzen_7_EightCore_1700,AMD Ryzen 7 Eight Core 1700
CPU,AMD,AMD Ryzen 7,Ryzen 7 Eight Core 1700X,,Y,2653,360,120,7,50,1.0,,3800,8,AM4,95,Y,95,1.35,7905,22,2666,5.3,8191,3.62,0.25,1,2,1.55,4000,0.004788,3.388378,0.002495,-5.09264,,AMD_AM4_1_1700X,Prefabs/CPU/AMD/Ryzen_7_EightCore_1700X,AMD Ryzen 7 Eight Core 1700X
CPU,AMD,AMD Ryzen 7,Ryzen 7 Eight Core 1800X,,Y,2742,370,123,7,80,1.0,,4000,8,AM4,95,Y,95,1.35,8173,22.1,2666,4.4,8393,2.69,0.25,1,2,1.6,4175,0.004223,3.73659,0.002741,-4.2461,,AMD_AM4_1_1800X,Prefabs/CPU/AMD/Ryzen_7_EightCore_1800X,AMD Ryzen 7 Eight Core 1800X
CPU,AMD,AMD Ryzen 5,Ryzen 5 Six Core 2600,,Y,2092,290,97,18,1,1.0,,3900,6,AM4,65,Y,95,1.3,6235,21.5,2933,7.7,6366,2.1,0.25,1,2,1.55,4200,0.001467,1.908192,0.001312,7.539382,,AMD_AM4_1_2600,Prefabs/CPU/AMD/Ryzen_5_SixCore_2600,AMD Ryzen 5 Six Core 2600
CPU,AMD,AMD Ryzen 5,Ryzen 5 Six Core 2600X,,Y,2143,300,100,18,33,1.0,,4250,6,AM4,95,Y,95,1.3,6388,21.3,2933,1.2,6410,0.34,0.25,1,2,1.55,4300,0.001467,1.908192,0.001312,7.539382,,AMD_AM4_1_2600X,Prefabs/CPU/AMD/Ryzen_5_SixCore_2600x,AMD Ryzen 5 Six Core 2600X
CPU,AMD,AMD Ryzen 7,Ryzen 7 Eight Core 2700,,Y,2907,380,127,18,1,1.0,,4100,8,AM4,65,Y,95,1.35,8664,22.8,2933,2.4,8701,0.43,0.25,1,2,1.55,4200,0.001259,3.121079,0.002813,9.420477,,AMD_AM4_1_2700,Prefabs/CPU/AMD/Ryzen_7_EightCore_2700,AMD Ryzen 7 Eight Core 2700
CPU,AMD,AMD Ryzen 7,Ryzen 7 Eight Core 2700X,,Y,2938,390,130,18,66,1.0,,4350,8,AM4,105,Y,95,1.35,8758,22.5,2933,1.1,8776,0.21,0.25,1,2,1.55,4400,0.001259,3.121079,0.002813,9.420477,,AMD_AM4_1_2700X,Prefabs/CPU/AMD/Ryzen_7_EightCore_2700x,AMD Ryzen 7 Eight Core 2700X
CPU,AMD,AMD Ryzen 3,Ryzen 3 Quad Core 3100,,Y,1621,280,93,32,1,1.9,PC,3900,4,AM4,65,Y,95,1.2,4831,17.3,3200,7.7,4903,1.49,0.25,1,2,1.55,4200,0.000816,1.136183,0.001336,6.481559,,AMD_AM4_1_3100,v1_9_0/Prefabs/CPU/AMD/CPU_Ryzen_3_QuadCore_3100,AMD Ryzen 3 Quad Core 3100
CPU,AMD,AMD Ryzen 3,Ryzen 3 Quad Core 3300X,,Y,1653,290,97,32,10,1.9,PC,4300,4,AM4,65,Y,95,1.2,4928,17,3200,5.8,4989,1.24,0.25,1,2,1.55,4550,0.000816,1.136183,0.001336,6.481559,,AMD_AM4_1_3300X,v1_9_0/Prefabs/CPU/AMD/CPU_Ryzen_3_QuadCore_3300X,AMD Ryzen 3 Quad Core 3300X
CPU,AMD,AMD Ryzen 5,Ryzen 5 Six Core 3600,,Y,2376,200,67,30,1,1.5,PC,4200,6,AM4,65,Y,95,1.35,7082,35.4,3200,2.4,7199,1.65,0.25,1,2,1.55,4300,0.003915,1.488886,0.001876,-1.65615,,AMD_AM4_1_3600,Prefabs/CPU/AMD/Ryzen_5_QuadCore_3600,AMD Ryzen 5 Six Core 3600
CPU,AMD,AMD Ryzen 5,Ryzen 5 Six Core 3600X,,Y,2455,250,83,30,1,1.5,PC,4400,6,AM4,95,Y,95,1.35,7316,29.3,3200,1.1,7374,0.79,0.25,1,2,1.55,4450,0.003915,1.488886,0.001876,-1.65615,,AMD_AM4_1_3600X,Prefabs/CPU/AMD/Ryzen_5_QuadCore_3600X,AMD Ryzen 5 Six Core 3600X
CPU,AMD,AMD Ryzen 5,Ryzen 5 Six Core 3600XT,,Y,2459,400,133,32,30,1.9,PC,4500,6,AM4,95,Y,95,1.25,7330,18.3,3200,4.4,7447,1.6,0.25,1,2,1.55,4700,0.001968,2.040162,0.001955,5.407231,,AMD_AM4_1_3600XT,v1_9_0/Prefabs/CPU/AMD/CPU_Ryzen_5_SixCore_3600XT,AMD Ryzen 5 Six Core 3600XT
CPU,AMD,AMD Ryzen 7,Ryzen 7 Eight Core 3700X,,Y,3307,330,110,30,20,1.5,PC,4400,8,AM4,65,Y,95,1.35,9855,29.9,3200,1.6,9945,0.91,0.25,1,2,1.55,4470,0.00427,3.125211,0.002264,0.790435,,AMD_AM4_1_3700X,Prefabs/CPU/AMD/Ryzen_7_EightCore_3700X,AMD Ryzen 7 Eight Core 3700X
CPU,AMD,AMD Ryzen 7,Ryzen 7 Eight Core 3800X,,Y,3350,400,133,30,40,1.5,PC,4500,8,AM4,105,Y,95,1.35,9983,25,3200,1.6,10072,0.89,0.25,1,2,1.55,4570,0.00427,3.125211,0.002264,0.790435,,AMD_AM4_1_3800X,Prefabs/CPU/AMD/Ryzen_7_EightCore_3800X,AMD Ryzen 7 Eight Core 3800X
CPU,AMD,AMD Ryzen 7,Ryzen 7 Eight Core 3800XT,,Y,3428,650,217,32,50,1.9,PC,4700,8,AM4,105,Y,100,1.35,10216,15.7,3200,2.1,10287,0.69,0.25,1,2,1.55,4800,0.002375,3.376156,0.002605,8.032853,,AMD_AM4_1_3800XT,v1_9_0/Prefabs/CPU/AMD/CPU_Ryzen_7_EightCore_3800XT,AMD Ryzen 7 Eight Core 3800XT
CPU,AMD,AMD Ryzen 9,Ryzen 9 Twelve Core 3900X,,Y,4102,700,233,30,60,1.5,PC,4600,12,AM4,105,Y,100,1.35,12225,17.5,3200,1.1,12287,0.51,0.25,1,2,1.55,4650,0.004123,6.668931,0.005531,-8.97618,,AMD_AM4_1_3900X,Prefabs/CPU/AMD/Ryzen_9_TwelveCore_3900X,AMD Ryzen 9 Twelve Core 3900X
CPU,AMD,AMD Ryzen 9,Ryzen 9 Twelve Core 3900XT,,Y,3993,1000,333,32,70,1.9,PC,4700,12,AM4,105,Y,100,1.35,11900,11.9,3200,2.1,11900,0,0.25,1,2,1.55,4800,0.0000182,6.860246,0.00548,8.591062,,AMD_AM4_1_3900XT,v1_9_0/Prefabs/CPU/AMD/CPU_Ryzen_9_TwelveCore_3900XT,AMD Ryzen 9 Twelve Core 3900XT
CPU,AMD,AMD Ryzen 9,Ryzen 9 Sixteen Core 3950X,,Y,4109,900,300,30,80,1.6,PC,4700,16,AM4,105,Y,100,1.35,12245,13.6,3200,1.1,12259,0.11,0.25,1,2,1.55,4750,0.000913,6.050261,0.005673,6.547736,,AMD_AM4_1_3950X,Prefabs/CPU/AMD/Ryzen_9_ SixteenCore3950X,AMD Ryzen 9 Sixteen Core 3950X
CPU,AMD,AMD Ryzen 9,Ryzen 9 Twelve Core 5900X,,Y,4381,1000,333,33,1,1.9.5,PC,4800,12,AM4,105,Y,100,1.35,13057,13.1,3200,1,13073,0.12,0.25,1,2,1.85,4850,0.001072,7.714274,0.004702,8.196178,,AMD_AM4_1_5900X,v1_9_0/Prefabs/CPU/AMD/CPU_Ryzen_9_5900X,AMD Ryzen 9 Twelve Core 5900X
CPU,AMD,AMD Ryzen 9,Ryzen 9 Sixteen Core 5950X,,Y,4664,1100,367,33,30,1.9.5,PC,4900,16,AM4,105,Y,100,1.35,13900,12.6,3200,1,13922,0.16,0.25,1,2,1.85,4950,0.001457,10.6221,0.00598,-0.87348,,AMD_AM4_1_5950X,v1_9_0/Prefabs/CPU/AMD/CPU_Ryzen_9_5950X,AMD Ryzen 9 Sixteen Core 5950X
CPU,AMD,AMD Ryzen Threadripper,Ryzen Threadripper Eight Core 1900X,,Y,2691,550,183,22,1,1.0,,4000,8,TR4,180,Y,95,1.35,8020,14.6,2666,2.5,8193,2.16,0.25,2.7,4,1.55,4100,0.005827,1.868445,0.003449,-13.0637,,AMD_TR4_1_1900X,Prefabs/CPU/AMD/Ryzen_ThreadRipper_EightCore_1900X,AMD Ryzen Threadripper Eight Core 1900X
CPU,AMD,AMD Ryzen Threadripper,Ryzen Threadripper Twelve Core 1920X,,Y,3071,650,217,22,40,1.0,,4000,12,TR4,180,Y,95,1.35,9152,14.1,2666,3.8,9227,0.82,0.25,2.7,4,1.55,4150,0.00167,3.985663,0.00483,-4.78467,,AMD_TR4_1_1920X,Prefabs/CPU/AMD/Ryzen_ThreadRipper_TwelveCore_1920X,AMD Ryzen Threadripper Twelve Core 1920X
CPU,AMD,AMD Ryzen Threadripper,Ryzen Threadripper Sixteen Core 1950X,,Y,3222,800,267,22,80,1.0,,4000,16,TR4,180,Y,95,1.35,9602,12,2666,2.5,9711,1.14,0.25,2.7,4,1.55,4100,0.003667,4.334733,0.005344,-14.0314,,AMD_TR4_1_1950X,Prefabs/CPU/AMD/Ryzen_ThreadRipper_SixteenCore_1950X,AMD Ryzen Threadripper Sixteen Core 1950X
CPU,AMD,AMD Ryzen Threadripper,Ryzen Threadripper 2920X,,Y,3422,775,258,28,20,1.0,,4300,12,TR4,180,Y,95,1.35,10198,13.2,2933,2.3,10202,0.04,0.25,2.7,4,1.55,4400,0.00013,1.92343,0.00468,12.24331,,AMD_TR4_1_2920X,Prefabs/CPU/AMD/Ryzen_ThreadRipper_EightCore_2920X,AMD Ryzen Threadripper 2920X
CPU,AMD,AMD Ryzen Threadripper,Ryzen Threadripper 2950X,,Y,3423,850,283,28,1,1.0,,4400,16,TR4,180,Y,95,1.35,10202,12,2933,2.3,10206,0.04,0.25,2.7,4,1.55,4500,0.00013,1.92343,0.00468,12.24331,,AMD_TR4_1_2950X,Prefabs/CPU/AMD/Ryzen_ThreadRipper_EightCore_2950X,AMD Ryzen Threadripper 2950X
CPU,AMD,AMD Ryzen Threadripper,Ryzen Threadripper 2970WX,,Y,2526,1000,333,28,40,1.0,,4200,24,TR4,250,Y,95,1.35,7528,7.5,2933,2.4,7557,0.39,0.25,2.7,4,1.55,4300,0.001,0.919709,0.001872,11.89291,,AMD_TR4_1_2970WX,Prefabs/CPU/AMD/Ryzen_ThreadRipper_EightCore_2970WX,AMD Ryzen Threadripper 2970WX
CPU,AMD,AMD Ryzen Threadripper,Ryzen Threadripper 2990WX,,Y,3909,1100,367,28,60,1.0,,4200,32,TR4,250,Y,95,1.35,11649,10.6,2933,2.4,11765,1,0.25,2.7,4,1.55,4300,0.00388,0.215054,0.00222,15.42505,,AMD_TR4_1_2990WX,Prefabs/CPU/AMD/Ryzen_ThreadRipper_EightCore_2990WX,AMD Ryzen Threadripper 2990WX
CPU,AMD,AMD Ryzen Threadripper,Ryzen Threadripper 3960X,,Y,4032,1400,467,31,1,1.8,PC,4500,24,sTRX4,280,Y,95,1.35,12017,8.6,3200,1.1,12074,0.47,0.25,2.7,4,1.55,4550,0.003832,2.259872,0.008126,-11.9601,,AMD_TR4_1_3960X,v1_8_0/Prefabs/CPU/AMD/Ryzen_ThreadRipper_3960X,AMD Ryzen Threadripper 3960X
CPU,AMD,AMD Ryzen Threadripper,Ryzen Threadripper 3970X,,Y,3724,2000,667,31,30,1.8,PC,4400,32,sTRX4,280,Y,95,1.35,11099,5.5,3200,3.4,11346,2.23,0.25,2.7,4,1.55,4550,0.005529,2.26,0.006308,-16.3069,,AMD_TR4_1_3970X,v1_8_0/Prefabs/CPU/AMD/Ryzen_ThreadRipper_3970X,AMD Ryzen Threadripper 3970X
CPU,AMD,AMD Ryzen Threadripper,Ryzen Threadripper 3990X,,Y,3595,3990,1330,31,75,1.8,PC,4300,64,sTRX4,280,Y,95,1.35,10713,2.7,3200,2.3,10847,1.25,0.25,2.7,4,1.55,4400,0.004492,3.459974,0.006017,-16.4578,,AMD_TR4_1_3990X,v1_8_0/Prefabs/CPU/AMD/Ryzen_ThreadRipper_3990X,AMD Ryzen Threadripper 3990X
CPU,Intel,Intel Celeron,Celeron G3900,,Y,295,45,15,1,1,1.0,,2800,2,LGA 1151 (Skylake),51,,100,1.1,879,19.5,2133,0,879,0,0,1,2,1.6,2800,0.006022,0.318855,0.000614,-15.8576,,Intel_1151_1_G3900,Prefabs/CPU/Intel/CPU_Intel_Celeron,Intel Celeron G3900
CPU,Intel,Intel Celeron,Celeron G3930,,Y,483,40,13,5,1,1.0,,2900,2,LGA 1151 (Kaby Lake),51,,100,1,1440,36,2133,0,1440,0,0,1,2,1.55,2900,0.00055,0.163871,0.000266,2.345235,,Intel_1151_1_G3930,Prefabs/CPU/Intel/CPU_Intel_Celeron,Intel Celeron G3930
CPU,Intel,Intel Celeron,Celeron G3950,,Y,489,60,20,5,20,1.0,,3000,2,LGA 1151 (Kaby Lake),51,,100,1,1457,24.3,2133,0,1457,0,0,1,2,1.55,3000,0.00055,0.163871,0.000266,2.345235,,Intel_1151_1_G3950,Prefabs/CPU/Intel/CPU_Intel_Celeron,Intel Celeron G3950
CPU,Intel,Intel Pentium,Pentium G4400,,Y,541,65,22,1,1,1.0,,3300,2,LGA 1151 (Skylake),54,,100,1.1,1613,24.8,2133,0,1613,0,0,1,2,1.6,3300,0.001651,0.183595,0.000402,-1.25985,,Intel_1151_2_G4400,Prefabs/CPU/Intel/CPU_Intel_Pentium,Intel Pentium G4400
CPU,Intel,Intel Pentium,Pentium G4500,,Y,574,75,25,1,1,1.0,,3500,2,LGA 1151 (Skylake),51,,100,1.1,1711,22.8,2133,0,1711,0,0,1,2,1.6,3500,0.001651,0.183595,0.000402,-1.25985,,Intel_1151_2_G4500,Prefabs/CPU/Intel/CPU_Intel_Pentium,Intel Pentium G4500
CPU,Intel,Intel Pentium,Pentium G4520,,Y,590,90,30,1,1,1.0,,3600,2,LGA 1151 (Skylake),51,,100,1.1,1760,19.6,2133,0,1760,0,0,1,2,1.6,3600,0.001651,0.183595,0.000402,-1.25985,,Intel_1151_2_G4520,Prefabs/CPU/Intel/CPU_Intel_Pentium,Intel Pentium G4520
CPU,Intel,Intel Pentium,Pentium G4560,,Y,758,90,30,5,1,1.0,,3500,2,LGA 1151 (Kaby Lake),54,,100,1.1,2259,25.1,2400,0,2259,0,0,1,2,1.6,3500,0.002539,0.315911,0.00024,-2.5118,,Intel_1151_2_G4560,Prefabs/CPU/Intel/CPU_Intel_Pentium,Intel Pentium G4560
CPU,Intel,Intel Pentium,Pentium G4600,,Y,783,90,30,5,40,1.0,,3600,2,LGA 1151 (Kaby Lake),51,,100,1.1,2335,25.9,2400,0,2335,0,0,1,2,1.6,3600,0.002539,0.315911,0.00024,-2.5118,,Intel_1151_2_G4600,Prefabs/CPU/Intel/CPU_Intel_Pentium,Intel Pentium G4600
CPU,Intel,Intel Pentium,Pentium G4620,,Y,809,115,38,5,60,1.0,,3700,2,LGA 1151 (Kaby Lake),51,,100,1.1,2410,21,2400,0,2410,0,0,1,2,1.6,3700,0.002539,0.315911,0.00024,-2.5118,,Intel_1151_2_G4620,Prefabs/CPU/Intel/CPU_Intel_Pentium,Intel Pentium G4620
CPU,Intel,Intel Core i3,Core i3-6100,,Y,792,105,35,2,1,1.0,,3700,2,LGA 1151 (Skylake),51,,100,1.2,2362,22.5,2133,0,2362,0,0,1,2,1.7,3700,0.00094,0.40477,0.000346,2.90125,,Intel_1151_3_6100,Prefabs/CPU/Intel/CPU_Intel_Core_i3,Intel Core i3-6100
CPU,Intel,Intel Core i3,Core i3-6100T,,Y,745,90,30,2,1,1.0,,3200,2,LGA 1151 (Skylake),35,,100,1.2,2222,24.7,2133,0,2222,0,0,1,2,1.7,3200,0.00094,0.40477,0.000346,2.90125,,Intel_1151_3_6100T,Prefabs/CPU/Intel/CPU_Intel_Core_i3,Intel Core i3-6100T
CPU,Intel,Intel Core i3,Core i3-6300,,Y,802,110,37,2,1,1.0,,3800,2,LGA 1151 (Skylake),51,,100,1.2,2390,21.7,2133,0,2390,0,0,1,2,1.7,3800,0.00094,0.40477,0.000346,2.90125,,Intel_1151_3_6300,Prefabs/CPU/Intel/CPU_Intel_Core_i3,Intel Core i3-6300
CPU,Intel,Intel Core i3,Core i3-6320,,Y,811,115,38,2,1,1.0,,3900,2,LGA 1151 (Skylake),51,,100,1.2,2418,21,2133,0,2418,0,0,1,2,1.7,3900,0.00094,0.40477,0.000346,2.90125,,Intel_1151_3_6320,Prefabs/CPU/Intel/CPU_Intel_Core_i3,Intel Core i3-6320
CPU,Intel,Intel Core i5,Core i5-6400,,Y,1079,155,52,2,1,1.0,,3300,4,LGA 1151 (Skylake),65,,100,1.25,3216,20.7,2133,0,3216,0,0,1,2,1.75,3300,0.002468,0.959185,0.00121,-1.85001,,Intel_1151_3_6400,Prefabs/CPU/Intel/CPU_Intel_Core_i5,Intel Core i5-6400
CPU,Intel,Intel Core i5,Core i5-6500,,Y,1153,165,55,2,1,1.0,,3600,4,LGA 1151 (Skylake),65,,100,1.25,3437,20.8,2133,0,3437,0,0,1,2,1.75,3600,0.002468,0.959185,0.00121,-1.85001,,Intel_1151_3_6500,Prefabs/CPU/Intel/CPU_Intel_Core_i5,Intel Core i5-6500
CPU,Intel,Intel Core i5,Core i5-6600,,Y,1227,175,58,2,1,1.0,,3900,4,LGA 1151 (Skylake),65,,100,1.25,3657,20.9,2133,0,3657,0,0,1,2,1.75,3900,0.002468,0.959185,0.00121,-1.85001,,Intel_1151_3_6600,Prefabs/CPU/Intel/CPU_Intel_Core_i5,Intel Core i5-6600
CPU,Intel,Intel Core i5,Core i5-6600K,,Y,1227,180,60,2,1,1.0,,3900,4,LGA 1151 (Skylake),91,Y,100,1.25,3657,20.3,2133,20.5,4246,16.11,1,1,2,1.55,4700,0.002468,0.959185,0.00121,-1.85001,,Intel_1151_3_6600K,Prefabs/CPU/Intel/CPU_Intel_Core_i5,Intel Core i5-6600K
CPU,Intel,Intel Core i7,Core i7-6700,,Y,1572,240,80,2,1,1.0,,4000,4,LGA 1151 (Skylake),65,,100,1.25,4685,19.5,2133,0,4685,0,0,1,2,1.75,4000,0.00404,1.678704,0.001113,-6.16898,,Intel_1151_3_6700,Prefabs/CPU/Intel/CPU_Intel_Core_i7,Intel Core i7-6700
CPU,Intel,Intel Core i7,Core i7-6700K,,Y,1653,250,83,2,1,1.0,,4200,4,LGA 1151 (Skylake),91,Y,100,1.25,4926,19.7,2133,16.7,5768,17.09,1,1,2,1.6,4900,0.00404,1.678704,0.001113,-6.16898,,Intel_1151_3_6700K,Prefabs/CPU/Intel/CPU_Intel_Core_i7,Intel Core i7-6700K
CPU,Intel,Intel Core i3,Core i3-7100,,Y,833,120,40,12,1,1.0,,3900,2,LGA 1151 (Kaby Lake),51,,100,1.2,2483,20.7,2400,0,2483,0,0,1,2,1.7,3900,0.001814,0.494913,0.000509,-0.9511,,Intel_1151_3_7100,Prefabs/CPU/Intel/CPU_Intel_Core_i3,Intel Core i3-7100
CPU,Intel,Intel Core i3,Core i3-7300,,Y,851,125,42,12,1,1.0,,4000,2,LGA 1151 (Kaby Lake),51,,100,1.2,2537,20.3,2400,0,2537,0,0,1,2,1.7,4000,0.001814,0.494913,0.000509,-0.9511,,Intel_1151_3_7300,Prefabs/CPU/Intel/CPU_Intel_Core_i3,Intel Core i3-7300
CPU,Intel,Intel Core i3,Core i3-7320,,Y,869,130,43,12,10,1.0,,4100,2,LGA 1151 (Kaby Lake),51,,100,1.2,2591,19.9,2400,0,2591,0,0,1,2,1.7,4100,0.001814,0.494913,0.000509,-0.9511,,Intel_1151_3_7320,Prefabs/CPU/Intel/CPU_Intel_Core_i3,Intel Core i3-7320
CPU,Intel,Intel Core i3,Core i3-7350K,,Y,887,135,45,13,1,1.0,,4200,2,LGA 1151 (Kaby Lake),60,Y,100,1.2,2645,19.6,2400,16.7,3024,14.33,1,1,2,1.55,4900,0.001814,0.494913,0.000509,-0.9511,,Intel_1151_3_7350K,Prefabs/CPU/Intel/CPU_Intel_Core_i3,Intel Core i3-7350K
CPU,Intel,Intel Core i5,Core i5-7400,,Y,1214,170,57,12,1,1.0,,3500,4,LGA 1151 (Kaby Lake),65,,100,1.2,3620,21.3,2400,0,3620,0,0,1,2,1.7,3500,0.001886,1.278305,0.001309,-0.14993,,Intel_1151_3_7400,Prefabs/CPU/Intel/CPU_Intel_Core_i5,Intel Core i5-7400
CPU,Intel,Intel Core i5,Core i5-7500,,Y,1271,180,60,12,30,1.0,,3800,4,LGA 1151 (Kaby Lake),65,,100,1.2,3789,21.1,2400,0,3789,0,0,1,2,1.7,3800,0.001886,1.278305,0.001309,-0.14993,,Intel_1151_3_7500,Prefabs/CPU/Intel/CPU_Intel_Core_i5,Intel Core i5-7500
CPU,Intel,Intel Core i5,Core i5-7600,,Y,1328,190,63,12,40,1.0,,4100,4,LGA 1151 (Kaby Lake),65,,100,1.2,3957,20.8,2400,0,3957,0,0,1,2,1.7,4100,0.001886,1.278305,0.001309,-0.14993,,Intel_1151_3_7600,Prefabs/CPU/Intel/CPU_Intel_Core_i5,Intel Core i5-7600
CPU,Intel,Intel Core i5,Core i5-7600K,,Y,1346,200,67,13,30,1.0,,4200,4,LGA 1151 (Kaby Lake),91,Y,100,1.2,4013,20.1,2400,19,4463,11.21,1,1,2,1.55,5000,0.001886,1.278305,0.001309,-0.14993,,Intel_1151_3_7600K,Prefabs/CPU/Intel/CPU_Intel_Core_i5,Intel Core i5-7600K
CPU,Intel,Intel Core i7,Core i7-7700,,Y,1703,260,87,12,60,1.0,,4200,4,LGA 1151 (Kaby Lake),65,,100,1.25,5076,19.5,2400,0,5076,0,0,1,2,1.75,4200,0.003356,1.378,0.001,-2.215,,Intel_1151_3_7700,Prefabs/CPU/Intel/CPU_Intel_Core_i7,Intel Core i7-7700
CPU,Intel,Intel Core i7,Core i7-7700K,,Y,1804,270,90,13,60,1.0,,4500,4,LGA 1151 (Kaby Lake),91,Y,100,1.25,5376,19.9,2400,8.9,5776,7.44,1,1,2,1.6,4900,0.003356,1.378,0.001,-2.215,,Intel_1151_3_7700K,Prefabs/CPU/Intel/CPU_Intel_Core_i7,Intel Core i7-7700K
CPU,Intel,Intel Core i3,Core i3-8100,,Y,1202,170,57,15,1,1.0,,3600,4,LGA 1151 (Coffee Lake),65,,100,1.15,3583,21.1,2400,0,3583,0,0,1,2,1.65,3600,0.002553,0.782394,0.000508,0.049671,,Intel_1151_3_8100,Prefabs/CPU/Intel/CPU_Intel_Core_i3,Intel Core i3-8100
CPU,Intel,Intel Core i3,Core i3-8350K,,Y,1304,195,65,15,1,1.0,,4000,4,LGA 1151 (Coffee Lake),91,Y,100,1.2,3887,19.9,2400,25,4648,19.58,1,1,2,1.55,5000,0.002553,0.782394,0.000508,0.049671,,Intel_1151_3_8350K,Prefabs/CPU/Intel/CPU_Intel_Core_i3,Intel Core i3-8350K
CPU,Intel,Intel Core i5,Core i5-8400,,Y,1828,250,83,15,20,1.0,,4000,6,LGA 1151 (Coffee Lake),65,,100,1.25,5449,21.8,2666,0,5449,0,0,1,2,1.75,4000,0.003415,2.332593,0.001356,-3.65234,,Intel_1151_3_8400,Prefabs/CPU/Intel/CPU_Intel_Core_i5,Intel Core i5-8400
CPU,Intel,Intel Core i5,Core i5-8600K,,Y,1931,280,93,15,40,1.0,,4300,6,LGA 1151 (Coffee Lake),95,Y,100,1.3,5755,20.6,2666,16.3,6467,12.37,1,1,2,1.55,5000,0.003415,2.332593,0.001356,-3.65234,,Intel_1151_3_8600K,Prefabs/CPU/Intel/CPU_Intel_Core_i5,Intel Core i5-8600K
CPU,Intel,Intel Core i7,Core i7-8700,,Y,2640,360,120,15,60,1.0,,4600,6,LGA 1151 (Coffee Lake),65,,100,1.35,7867,21.9,2666,0,7867,0,0,1,2,1.85,4600,0.005409,4.643015,0.001959,-12.9898,,Intel_1151_3_8700,Prefabs/CPU/Intel/CPU_Intel_Core_i7,Intel Core i7-8700
CPU,Intel,Intel Core i7,Core i7-8700K,,Y,2694,400,133,15,80,1.0,,4700,6,LGA 1151 (Coffee Lake),95,Y,100,1.35,8028,20.1,2666,6.4,8512,6.03,1,1,2,1.6,5000,0.005409,4.643015,0.001959,-12.9898,,Intel_1151_3_8700K,Prefabs/CPU/Intel/CPU_Intel_Core_i7,Intel Core i7-8700K
CPU,Intel,Intel Core i7,Core i7-8086K,,Y,2856,450,150,20,1,1.0,,5000,6,LGA 1151 (Coffee Lake),95,Y,100,1.35,8512,18.9,2666,4,8834,3.78,1,1,2,1.8,5200,0.005409,4.643015,0.001959,-12.9898,,Intel_1151_3_8999_8086K,Prefabs/CPU/Intel/CPU_Intel_Core_i7,Intel Core i7-8086K
CPU,Intel,Intel Core i5,Core i5-9600K,,Y,1969,300,100,20,1,1.0,,4600,6,LGA 1151 (Coffee Lake),95,Y,100,1.35,5868,19.6,2666,13,6351,8.23,1,1,2,1.75,5200,0.002697,2.631136,0.001162,-1.07205,,Intel_1151_3_9600K,Prefabs/CPU/Intel/CPU_Intel_Core_i5,Intel Core i5-9600K
CPU,Intel,Intel Core i7,Core i7-9700K,,Y,2698,420,140,20,30,1.0,,4900,8,LGA 1151 (Coffee Lake),95,Y,100,1.35,8040,19.1,2666,8.2,8567,6.55,1,1,2,1.75,5300,0.004427,4.645202,0.002606,-10.95,,Intel_1151_3_9700K,Prefabs/CPU/Intel/CPU_Intel_Core_i7,Intel Core i7-9700K
CPU,Intel,Intel Core i9,Core i9-9900K,,Y,3568,730,243,20,60,1.0,,5000,8,LGA 1151 (Coffee Lake),95,Y,100,1.35,10633,14.6,2666,3,10862,2.15,1,1,2,1.75,5150,0.005127,8.240937,0.002073,-11.962,,Intel_1151_3_9900K,Prefabs/CPU/Intel/CPU_Intel_Core_i9,Intel Core i9-9900K
CPU,Intel,Intel Core i9,Core i9-9900KS,,Y,3568,800,267,20,90,1.8,,5000,8,LGA 1151 (Coffee Lake),127,Y,100,1.35,10633,13.3,2666,6,11091,4.31,1,1,2,1.8,5300,0.005127,8.240937,0.002073,-11.962,,Intel_1151_3_9900KS,Prefabs/CPU/Intel/CPU_Intel_Core_i9,Intel Core i9-9900KS
CPU,Intel,Intel Celeron,Celeron G5900,,Y,335,50,17,32,1,1.9,PC,3400,2,LGA 1200,58,,100,1,1000,20,2666,0,1000,0,0,1,2,1.6,3400,0.0002456,0.413108,0.002032,-3.72012,,Intel_1200_1_G5900,Prefabs/CPU/Intel/CPU_Intel_Celeron,Intel Celeron G5900
CPU,Intel,Intel Celeron,Celeron G5920,,Y,338,55,18,32,1,1.9,PC,3500,2,LGA 1200,58,,100,1,1008,18.3,2666,0,1008,0,0,1,2,1.6,3500,0.0002456,0.413108,0.002032,-3.72012,,Intel_1200_1_G5920,Prefabs/CPU/Intel/CPU_Intel_Celeron,Intel Celeron G5920
CPU,Intel,Intel Pentium,Pentium G6400,,Y,858,120,40,32,20,1.9,PC,4000,2,LGA 1200,58,,100,1.1,2556,21.3,2666,0,2556,0,0,1,2,1.6,4000,0.00165,0.733028,0.000127,0.175671,,Intel_1200_2_G6400,Prefabs/CPU/Intel/CPU_Intel_Pentium,Intel Pentium G6400
CPU,Intel,Intel Pentium,Pentium G6500,,Y,874,130,43,32,20,1.9,PC,4100,2,LGA 1200,58,,100,1.1,2606,20,2666,0,2606,0,0,1,2,1.6,4100,0.00165,0.733028,0.000127,0.175671,,Intel_1200_2_G6500,Prefabs/CPU/Intel/CPU_Intel_Pentium,Intel Pentium G6500
CPU,Intel,Intel Pentium,Pentium G6600,,Y,891,140,47,32,20,1.9,PC,4200,2,LGA 1200,58,,100,1.1,2655,19,2666,0,2655,0,0,1,2,1.6,4200,0.00165,0.733028,0.000127,0.175671,,Intel_1200_2_G6600,Prefabs/CPU/Intel/CPU_Intel_Pentium,Intel Pentium G6600
CPU,Intel,Intel Core i3,Core i3-10100,,Y,1664,250,83,32,1,1.9,PC,4300,4,LGA 1200,65,,100,1.1,4960,19.8,2666,0,4960,0,0,1,2,1.6,4300,0.00347,2.068054,0.000897,-4.80376,,Intel_1200_3_10100,Prefabs/CPU/Intel/CPU_Intel_Core_i3,Intel Core i3-10100
CPU,Intel,Intel Core i3,Core i3-10300,,Y,1699,280,93,32,1,1.9,PC,4400,4,LGA 1200,65,,100,1.1,5063,18.1,2666,0,5063,0,0,1,2,1.6,4400,0.00347,2.068054,0.000897,-4.80376,,Intel_1200_3_10300,Prefabs/CPU/Intel/CPU_Intel_Core_i3,Intel Core i3-10300
CPU,Intel,Intel Core i3,Core i3-10320,,Y,1768,310,103,32,1,1.9,PC,4600,4,LGA 1200,65,,100,1.1,5270,17,2666,0,5270,0,0,1,2,1.6,4600,0.00347,2.068054,0.000897,-4.80376,,Intel_1200_3_10320,Prefabs/CPU/Intel/CPU_Intel_Core_i3,Intel Core i3-10320
CPU,Intel,Intel Core i5,Core i5-10400,,Y,2422,350,117,32,20,1.9,PC,4300,6,LGA 1200,65,,100,1.1,7218,20.6,2666,0,7218,0,0,1,2,1.6,4300,0.004088,3.456004,0.001699,-4.79795,,Intel_1200_3_10400,Prefabs/CPU/Intel/CPU_Intel_Core_i5,Intel Core i5-10400
CPU,Intel,Intel Core i5,Core i5-10500,,Y,2503,390,130,32,20,1.9,PC,4500,6,LGA 1200,65,,100,1.2,7461,19.1,2666,0,7461,0,0,1,2,1.6,4500,0.004088,3.456004,0.001699,-4.79795,,Intel_1200_3_10500,Prefabs/CPU/Intel/CPU_Intel_Core_i5,Intel Core i5-10500
CPU,Intel,Intel Core i5,Core i5-10600,,Y,2626,430,143,32,40,1.9,PC,4800,6,LGA 1200,65,,100,1.2,7827,18.2,2666,0,7827,0,0,1,2,1.65,4800,0.004088,3.456004,0.001699,-4.79795,,Intel_1200_3_10600,Prefabs/CPU/Intel/CPU_Intel_Core_i5,Intel Core i5-10600
CPU,Intel,Intel Core i5,Core i5-10600K,,Y,2626,440,147,32,40,1.9,PC,4800,6,LGA 1200,95,Y,100,1.25,7827,17.8,2666,4.2,8070,3.1,1,1,2,1.65,5000,0.004088,3.456004,0.001699,-4.79795,,Intel_1200_3_10600K,Prefabs/CPU/Intel/CPU_Intel_Core_i5,Intel Core i5-10600K
CPU,Intel,Intel Core i7,Core i7-10700,,Y,3613,600,200,32,60,1.9,PC,4800,8,LGA 1200,65,,100,1.25,10769,17.9,2933,0,10769,0,0,1,2,1.7,4800,0.00547,6.944405,0.00279,-12.1882,,Intel_1200_3_10700,Prefabs/CPU/Intel/CPU_Intel_Core_i7,Intel Core i7-10700
CPU,Intel,Intel Core i7,Core i7-10700K,,Y,3778,630,210,32,60,1.9,PC,5100,8,LGA 1200,95,Y,100,1.3,11258,17.9,2933,1,11340,0.73,1,1,2,1.7,5150,0.00547,6.944405,0.00279,-12.1882,,Intel_1200_3_10700K,Prefabs/CPU/Intel/CPU_Intel_Core_i7,Intel Core i7-10700K
CPU,Intel,Intel Core i9,Core i9-10900,,Y,4432,950,317,32,80,1.9,PC,5200,10,LGA 1200,65,,100,1.3,13209,13.9,2933,0,13209,0,0,1,2,1.75,5200,0.005652,11.57727,0.004724,-22.0717,,Intel_1200_3_10900,Prefabs/CPU/Intel/CPU_Intel_Core_i9,Intel Core i9-10900
CPU,Intel,Intel Core i9,Core i9-10900K,,Y,4489,1000,333,32,80,1.9,PC,5300,10,LGA 1200,125,Y,100,1.35,13378,13.4,2933,0.9,13462,0.63,1,1,2,1.75,5350,0.005652,11.57727,0.004724,-22.0717,,Intel_1200_3_10900K,Prefabs/CPU/Intel/CPU_Intel_Core_i9,Intel Core i9-10900K
CPU,Intel,Intel Core i9,Core i9-10900X,,Y,3737,1000,333,31,1,1.8,,4700,10,LGA 2066,165,Y,100,1.35,11136,11.1,2933,2.1,11140,0.04,1,2,4,1.75,4800,0.000135,1.043,0.005027,17.82015,,Intel_2066_2_10900X,Prefabs/CPU/Intel/CPU_Intel_Core_i9X,Intel Core i9-10900X
CPU,Intel,Intel Core i9,Core i9-10920X,,Y,3855,1200,400,31,15,1.8,,4800,12,LGA 2066,165,Y,100,1.35,11489,9.6,2933,2.1,11566,0.67,1,2,4,1.75,4900,0.002584,2.629461,0.004931,1.171027,,Intel_2066_2_10920X,Prefabs/CPU/Intel/CPU_Intel_Core_i9X,Intel Core i9-10920X
CPU,Intel,Intel Core i9,Core i9-10940X,,Y,3987,1600,533,31,60,1.8,,4800,14,LGA 2066,165,Y,100,1.35,11882,7.4,2933,2.1,11888,0.05,1,2,4,1.75,4900,0.000206,3.014958,0.005794,9.831498,,Intel_2066_2_10940X,Prefabs/CPU/Intel/CPU_Intel_Core_i9X,Intel Core i9-10940X
CPU,Intel,Intel Core i5,Core i5-7640X,,Y,1400,195,65,24,1,1.0,,4300,4,LGA 2066,112,Y,100,1.35,4173,21.4,2666,18.6,4623,10.78,1,2,2,1.75,5100,0.001886,1.278305,0.001309,-0.14993,,Intel_2066_2_7640X,Prefabs/CPU/Intel/CPU_Intel_Core_i5X,Intel Core i5-7640X
CPU,Intel,Intel Core i7,Core i7-7740X,,Y,1803,265,88,24,1,1.0,,4500,4,LGA 2066,112,Y,100,1.35,5374,20.3,2666,13.3,6106,13.62,1,2,2,1.75,5100,0.004094,1.918283,0.001084,-7.11382,,Intel_2066_2_7740X,Prefabs/CPU/Intel/CPU_Intel_Core_i7X,Intel Core i7-7740X
CPU,Intel,Intel Core i7,Core i7-7800X,,Y,2268,320,107,26,1,1.0,,4000,6,LGA 2066,140,Y,100,1.35,6760,21.1,2666,2.5,6886,1.86,1,2,4,1.75,4100,0.004223,0.59329,0.001318,-0.09262,,Intel_2066_2_7800X,Prefabs/CPU/Intel/CPU_Intel_Core_i7X,Intel Core i7-7800X
CPU,Intel,Intel Core i7,Core i7-7820X,,Y,3206,700,233,26,1,1.0,,4300,8,LGA 2066,140,Y,100,1.35,9556,13.7,2666,2.3,9695,1.45,1,2,4,1.75,4400,0.004677,1.499261,0.002558,-0.86007,,Intel_2066_2_7820X,Prefabs/CPU/Intel/CPU_Intel_Core_i7X,Intel Core i7-7820X
CPU,Intel,Intel Core i9,Core i9-7900X,,Y,3565,900,300,26,50,1.0,,4500,10,LGA 2066,140,Y,100,1.35,10626,11.8,2666,2.2,10710,0.79,1,2,4,1.75,4600,0.002835,2.227028,0.004214,2.758815,,Intel_2066_2_7900X,Prefabs/CPU/Intel/CPU_Intel_Core_i9X,Intel Core i9-7900X
CPU,Intel,Intel Core i9,Core i9-7920X,,Y,3606,920,307,26,62,1.0,,4300,12,LGA 2066,140,Y,100,1.35,10746,11.7,2666,2.3,10899,1.42,1,2,4,1.75,4400,0.005134,3.494896,0.00458,-12.2038,,Intel_2066_2_7920X,Prefabs/CPU/Intel/CPU_Intel_Core_i9X,Intel Core i9-7920X
CPU,Intel,Intel Core i9,Core i9-7940X,,Y,3719,940,313,26,74,1.0,,4300,14,LGA 2066,165,Y,100,1.35,11084,11.8,2666,2.3,11342,2.33,1,2,4,1.75,4400,0.008674,3.557259,0.004726,-26.9319,,Intel_2066_2_7940X,Prefabs/CPU/Intel/CPU_Intel_Core_i9X,Intel Core i9-7940X
CPU,Intel,Intel Core i9,Core i9-7960X,,Y,3821,1000,333,26,86,1.0,,4200,16,LGA 2066,165,Y,100,1.35,11388,11.4,2666,2.4,11556,1.48,1,2,4,1.75,4300,0.005643,3.864359,0.004518,-12.9861,,Intel_2066_2_7960X,Prefabs/CPU/Intel/CPU_Intel_Core_i9X,Intel Core i9-7960X
CPU,Intel,Intel Core i9,Core i9-7980XE,,Y,3812,1200,400,26,94,1.0,,4200,18,LGA 2066,165,Y,100,1.35,11360,9.5,2666,2.4,11546,1.64,1,2,4,1.75,4300,0.006234,3.990303,0.005258,-18.0401,,Intel_2066_2_7980XE,Prefabs/CPU/Intel/CPU_Intel_Core_i9X,Intel Core i9-7980XE
CPU,Intel,Intel Core i7,Core i7-9800X,,Y,3253,500,167,29,1,1.2,,4400,8,LGA 2066,165,Y,100,1.35,9695,19.4,2666,2.3,9834,1.43,1,2,4,1.75,4500,0.004677,1.499261,0.002558,-0.86007,,Intel_2066_2_9800X,Prefabs/CPU/Intel/CPU_Intel_Core_i7X,Intel Core i7-9800X
CPU,Intel,Intel Core i9,Core i9-9820X,,Y,3428,580,193,29,20,1.2,,4200,10,LGA 2066,165,Y,100,1.35,10215,17.6,2666,2.4,10316,0.99,1,2,4,1.75,4300,0.00337,1.206831,0.002361,9.005914,,Intel_2066_2_9820X,Prefabs/CPU/Intel/CPU_Intel_Core_i9X,Intel Core i9-9820X
CPU,Intel,Intel Core i9,Core i9-9900X,,Y,3537,660,220,29,1,1.2,,4400,10,LGA 2066,165,Y,100,1.35,10541,16,2666,2.3,10626,0.81,1,2,4,1.75,4500,0.002835,2.227028,0.004214,2.758815,,Intel_2066_2_9900X,Prefabs/CPU/Intel/CPU_Intel_Core_i9X,Intel Core i9-9900X
CPU,Intel,Intel Core i9,Core i9-9920X,,Y,3657,950,317,29,20,1.2,,4400,12,LGA 2066,165,Y,100,1.35,10899,11.5,2666,2.3,11052,1.4,1,2,4,1.75,4500,0.005134,3.494896,0.00458,-12.2038,,Intel_2066_2_9920X,Prefabs/CPU/Intel/CPU_Intel_Core_i9X,Intel Core i9-9920X
CPU,Intel,Intel Core i9,Core i9-9940X,,Y,3806,1050,350,29,40,1.2,,4400,14,LGA 2066,165,Y,100,1.35,11342,10.8,2666,2.3,11601,2.28,1,2,4,1.75,4500,0.008674,3.557259,0.004726,-26.9319,,Intel_2066_2_9940X,Prefabs/CPU/Intel/CPU_Intel_Core_i9X,Intel Core i9-9940X
CPU,Intel,Intel Core i9,Core i9-9960X,,Y,3934,1150,383,29,60,1.2,,4400,16,LGA 2066,165,Y,100,1.35,11724,10.2,2666,2.3,11893,1.44,1,2,4,1.75,4500,0.005643,3.864359,0.004518,-12.9861,,Intel_2066_2_9960X,Prefabs/CPU/Intel/CPU_Intel_Core_i9X,Intel Core i9-9960X
CPU,Intel,Intel Core i9,Core i9-9980XE,,Y,3936,1300,433,29,80,1.2,,4400,18,LGA 2066,165,Y,100,1.35,11731,9,2666,2.3,11917,1.59,1,2,4,1.75,4500,0.006234,3.990303,0.005258,-18.0401,,Intel_2066_2_9980XE,Prefabs/CPU/Intel/CPU_Intel_Core_i9X,Intel Core i9-9980XE
