Part Type,Manufacturer,Part Name,HEM,In Shop,Price,Sell Price,Level,Level %,Steam Version,Platform Lock,Is DLC,Lighting,Chipset,CPU Socket,Size,RAM Type,Max RAM Speed Step,Support CrossFire,Support SLI,Dual GPU Max Slot Size,Can Overclock,M.2 Slots,M.2 Slots Supporting Heatsinks,RAM Slots,SATA Slots Usable,SATA Slots Visible,PCIe x16 Slot Sizes Usable,PCIe x16 Slot Sizes Visible,Default RAM Speed,RAM Speed Steps,Min RAM Speed Step,Base Clock,DLC2 Random Jobs,Asset Path,Full Part Name
Motherboard,ASRock,B450 Steel Legend,,Y,110,37,18,40,1.5,PC,,RGB,B450,AM4,S-ATX,DDR4,3466,Y,Y,3,Y,2,1,4,6,6,"3+, 3+","3+, 3+",2666,"2133,2400,2666,2933,3200,3466",2133,100,,Prefabs/MotherBoards/Asrock/MB_ASRock_B450_Steel_Legend,ASRock B450 Steel Legend
Motherboard,ASRock,B450M Steel Legend,,Y,90,30,18,40,1.5,PC,,RGB,B450,AM4,Micro-ATX,DDR4,3466,Y,Y,2,Y,2,2,4,4,4,"2+, 1+","2+, 1+",2666,"2133,2400,2666,2933,3200,3466",2133,100,,Prefabs/MotherBoards/Asrock/MB_ASRock_B450_M_Steel_Legend,ASRock B450M Steel Legend
Motherboard,ASRock,X299 Phantom Gaming ITX/ac,Y,Y,250,73,27,50,,PC,,,X299,LGA 2066,Mini-ITX,DDR4,4000,,,,Y,2,0,2,4,4,1+,1+,2666,"2133,2400,2666,2800,2933,3200,3600,3733,3800,3866,4000",2133,100,,Prefabs/MotherBoards/Asrock/MB_MSH_Z390_Phantom Gaming-ITX-ac,ASRock X299 Phantom Gaming ITX/ac
Motherboard,ASRock,X589-ITX/ac,Y,Y,385,285,17,30,,PC,,,X589,LGA 3647-V1,Mini-ITX,DDR4,4000,,,,Y,1,1,2,4,4,1+,1+,2666,"2133,2400,2666,2800,2933,3200,3600,3733,3800,3866,4000",2133,100,,Prefabs/MotherBoards/Asrock/MB_Z390M-ITX_ac,ASRock X589-ITX/ac
Motherboard,ASRock,X628 Extreme 8,Y,Y,700,245,21,45,,,,RGB,X628,LGA 3647-V3,S-ATX,DDR4ECC,4600,Y,Y,3,Y,2,1,4,6,8,"3+, 2+","3+, 2+, 1+",2400,"2133,2400,2666,2800,3000,3200,3300,3333,3400,3466,3600,3666,3733,3800,3866,4000,4133,4266,4333,4400,4600",2133,100,,Prefabs/MotherBoards/Asrock/MB_Z390_Extreme4,ASRock X628 Extreme 8
Motherboard,ASRock,X628 Phantom Workstation 8,Y,Y,465,115,19,45,,PC,,RGB,X628,LGA 3647-V3,S-ATX,DDR4ECC,3866,Y,Y,3,Y,2,1,4,6,8,"3+, 2+","3+, 2+, 1+",2666,"2133,2400,2666,2800,2933,3200,3600,3733,3800,3866",2133,100,,Prefabs/MotherBoards/Asrock/MB_Asrock_Z390_Gaming_6,ASRock X628 Phantom Workstation 8
Motherboard,ASRock,X628 Phantom Workstation ITX/ac,Y,Y,415,110,29,75,,PC,,,X628,LGA 3647-V3,Mini-ITX,DDR4ECC,4000,,,,Y,2,0,2,4,4,1+,1+,2666,"2133,2400,2666,2800,2933,3200,3600,3733,3800,3866,4000",2133,100,,Prefabs/MotherBoards/Asrock/MB_MSH_Z390_Phantom Gaming-ITX-ac,ASRock X628 Phantom Workstation ITX/ac
Motherboard,ASRock,Z170 Pro4,Y,Y,185,75,5,80,,PC,,,Z170,LGA 1151 (Skylake),S-ATX,DDR4,3600,Y,Y,3,Y,2,2,4,6,6,"3+, 3+","3+, 3+",2666,"2133,2400,2666,2800,2933,3200,3600",2133,100,,Prefabs/MotherBoards/Asrock/MB_Asrock_Z390_Pro4,ASRock Z170 Pro4
Motherboard,ASRock,Z170M Pro4,Y,Y,135,45,10,30,,PC,,,Z170,LGA 1151 (Skylake),Micro-ATX,DDR4,3800,Y,Y,3,Y,2,0,4,4,6,"3+, 1+","3+, 1+",2666,"2133,2400,2666,2800,2933,3200,3600,3733,3800",2133,100,,Prefabs/MotherBoards/Asrock/MB_Asrock_Z390M_Pro,ASRock Z170M Pro4
Motherboard,ASRock,Z170M-ITX/ac,Y,Y,115,45,20,30,,PC,,,Z170,LGA 1151 (Skylake),Mini-ITX,DDR4,4000,Y,Y,,Y,1,1,2,4,4,1+,1+,2666,"2133,2400,2666,2800,2933,3200,3600,3733,3800,3866,4000",2133,100,,Prefabs/MotherBoards/Asrock/MB_Z390M-ITX_ac,ASRock Z170M-ITX/ac
Motherboard,ASRock,Z390 Extreme 4,,Y,180,60,21,30,1.5,PC,,RGB,Z390,LGA 1151 (Coffee Lake),S-ATX,DDR4,4333,Y,Y,3,Y,2,1,4,6,8,"3+, 2+","3+, 2+, 1+",2666,"2133,2400,2666,2800,2933,3200,3600,3733,3800,3866,4000,4133,4266,4333",2133,100,,Prefabs/MotherBoards/Asrock/MB_Z390_Extreme4,ASRock Z390 Extreme 4
Motherboard,ASRock,Z390 Phantom Gaming 4,,Y,140,47,21,30,1.5,PC,,,Z390,LGA 1151 (Coffee Lake),S-ATX,DDR4,4300,Y,Y,3,Y,2,1,4,6,6,"3+, 3+","3+, 3+",2666,"2133,2400,2666,2800,2933,3200,3600,3733,3800,3866,4000,4133,4300",2133,100,,Prefabs/MotherBoards/Asrock/MB_ASRock_Z390_Phantom_Gaming_4,ASRock Z390 Phantom Gaming 4
Motherboard,ASRock,Z390 Phantom Gaming 6,,Y,195,65,21,60,1.5,PC,,RGB,Z390,LGA 1151 (Coffee Lake),S-ATX,DDR4,4300,Y,Y,3,Y,2,1,4,6,8,"3+, 2+","3+, 2+, 1+",2666,"2133,2400,2666,2800,2933,3200,3600,3733,3800,3866,4000,4133,4266,4300",2133,100,,Prefabs/MotherBoards/Asrock/MB_Asrock_Z390_Gaming_6,ASRock Z390 Phantom Gaming 6
Motherboard,ASRock,Z390 Phantom Gaming 9,,Y,270,90,21,30,1.5,PC,,RGB,Z390,LGA 1151 (Coffee Lake),S-ATX,DDR4,4266,Y,Y,3,Y,3,2,4,6,8,"3+, 2+","3+, 2+, 1+",2666,"2133,2400,2666,2800,2933,3200,3600,3733,3800,3866,4000,4133,4266",2133,100,,Prefabs/MotherBoards/Asrock/MB_Z390_Phantom_Gaming_9,ASRock Z390 Phantom Gaming 9
Motherboard,ASRock,Z390 Phantom Gaming ITX/ac,,Y,190,63,26,40,1.5,PC,,RGB,Z390,LGA 1151 (Coffee Lake),Mini-ITX,DDR4,4500,Y,,,Y,2,0,2,4,4,1+,1+,2666,"2133,2400,2666,2800,2933,3200,3600,3733,3800,3866,4000,4133,4266,4333,4500",2133,100,,Prefabs/MotherBoards/Asrock/MB_MSH_Z390_Phantom Gaming-ITX-ac,ASRock Z390 Phantom Gaming ITX/ac
Motherboard,ASRock,Z390 Phantom Gaming SLI/ac,,Y,170,57,20,40,1.5,PC,,RGB,Z390,LGA 1151 (Coffee Lake),S-ATX,DDR4,4300,Y,Y,3,Y,2,1,4,6,6,"3+, 3+","3+, 3+",2666,"2133,2400,2666,2800,2933,3200,3600,3733,3800,3866,4000,4133,4266,4300",2133,100,,Prefabs/MotherBoards/Asrock/MB_ASRock_Z390_PhantomGaming_SLI_ac,ASRock Z390 Phantom Gaming SLI/ac
Motherboard,ASRock,Z390 Pro4,,Y,135,45,20,80,1.5,PC,,,Z390,LGA 1151 (Coffee Lake),S-ATX,DDR4,4300,Y,Y,3,Y,2,2,4,6,6,"3+, 3+","3+, 3+",2666,"2133,2400,2666,2800,2933,3200,3600,3733,3800,3866,4000,4133,4300",2133,100,,Prefabs/MotherBoards/Asrock/MB_Asrock_Z390_Pro4,ASRock Z390 Pro4
Motherboard,ASRock,Z390 Taichi,,Y,240,80,22,60,1.5,PC,,RGB,Z390,LGA 1151 (Coffee Lake),S-ATX,DDR4,4200,Y,Y,3,Y,3,2,4,6,8,"3+, 2+","3+, 2+, 1+",2666,"2133,2400,2666,2800,2933,3200,3600,3733,3800,3866,4000,4133,4200",2133,100,,Prefabs/MotherBoards/Asrock/MB_AsRock_Z390_Taichi,ASRock Z390 Taichi
Motherboard,ASRock,Z390 Taichi Ultimate,,Y,300,100,22,60,1.5,PC,,RGB,Z390,LGA 1151 (Coffee Lake),S-ATX,DDR4,4200,Y,Y,3,Y,3,2,4,6,8,"3+, 2+","3+, 2+, 1+",2666,"2133,2400,2666,2800,2933,3200,3600,3733,3800,3866,4000,4133,4200",2133,100,,Prefabs/MotherBoards/Asrock/MB_Z390_TaichiUltimate,ASRock Z390 Taichi Ultimate
Motherboard,ASRock,Z390M Pro4,,Y,135,45,22,30,1.5,PC,,,Z390,LGA 1151 (Coffee Lake),Micro-ATX,DDR4,4300,Y,Y,3,Y,2,0,4,4,6,"3+, 1+","3+, 1+",2666,"2133,2400,2666,2800,2933,3200,3600,3733,3800,3866,4000,4133,4266,4300",2133,100,,Prefabs/MotherBoards/Asrock/MB_Asrock_Z390M_Pro,ASRock Z390M Pro4
Motherboard,ASRock,Z390M-ITX/ac,,Y,150,50,22,30,1.5,PC,,,Z390,LGA 1151 (Coffee Lake),Mini-ITX,DDR4,4000,Y,Y,,Y,1,1,2,4,4,1+,1+,2666,"2133,2400,2666,2800,2933,3200,3600,3733,3800,3866,4000",2133,100,,Prefabs/MotherBoards/Asrock/MB_Z390M-ITX_ac,ASRock Z390M-ITX/ac
Motherboard,ASUS,PRIME X299-DELUXE,,Y,450,150,24,25,1.0,,,RGB,X299,LGA 2066,S-ATX,DDR4,4133,Y,Y,3,Y,1,0,8,6,6,"2+, 2+","2+, 1+, 2+, 2+",2400,"2133,2400,2666,3600,4000,4133",2133,100,,Prefabs\MotherBoards\ASUS\ASUS_Prime_X299_Deluxe,ASUS PRIME X299-DELUXE
Motherboard,ASUS,PRIME X470-PRO,,Y,165,55,18,1,1.0,,,RGB,X470,AM4,S-ATX,DDR4,3600,Y,Y,3,Y,2,1,4,6,6,"3+, 2+","3+, 2+, 1+",2666,"2133,2400,2666,2800,2933,3000,3200,3466,3600",2133,100,,Prefabs\MotherBoards\ASUS\ASUS_PRIME_X470_PRO,ASUS PRIME X470-PRO
Motherboard,ASUS,PRIME X589,Y,Y,495,295,15,95,,,,RGB,X589,LGA 3647-V1,S-ATX,DDR4,3600,Y,Y,3,Y,2,1,4,6,6,"3+, 2+","3+, 2+, 1+",2666,"2133,2400,2666,2800,3000,3200,3300,3400,3600",2133,100,,Prefabs/MotherBoards/ASUS/ASUS_Prime_Z370_A,ASUS PRIME X589
Motherboard,ASUS,PRIME X589-DELUXE,Y,Y,785,485,17,1,,,,RGB,X589,LGA 3647-V1,S-ATX,DDR4,4400,Y,Y,3,Y,1,0,8,6,6,"2+, 2+","2+, 1+, 2+, 2+",2400,"2133,2400,2666,3000,3200,3400,3600,3800,4000,4133,4400",2133,100,,Prefabs/MotherBoards/ASUS/ASUS_Prime_X299_Deluxe,ASUS PRIME X589-DELUXE
Motherboard,ASUS,PRIME Z370-A,,Y,170,57,15,30,1.0,,,RGB,Z370,LGA 1151 (Coffee Lake),S-ATX,DDR4,4000,Y,Y,3,Y,2,1,4,6,6,"3+, 2+","3+, 2+, 1+",2666,"2133,2400,2666,2800,3000,3200,3300,3333,3400,3466,3600,3733,3866,4000",2133,100,,Prefabs\MotherBoards\ASUS\ASUS_Prime_Z370_A,ASUS PRIME Z370-A
Motherboard,ASUS,ROG Crosshair VII Hero (WI-FI),,Y,275,92,20,30,1.0,,,RGB,X470,AM4,S-ATX,DDR4,3600,Y,Y,3,Y,2,0,4,6,6,"3+, 2+","3+, 2+, 1+",2666,"2133,2400,2666,2800,2933,3000,3200,3400,3466,3600",2133,100,,Prefabs\MotherBoards\ASUS\ASUS_Crosshair_VII_Hero,ASUS ROG Crosshair VII Hero (WI-FI)
Motherboard,ASUS,ROG Maximus X Apex,,Y,400,133,27,50,1.0,,,RGB,Z370,LGA 1151 (Coffee Lake),E-ATX,DDR4,4500,Y,Y,4,Y,2,1,2,4,4,"2+, 2+","2+, 2+, 2+, 1+",2666,"2133,2400,2666,2800,3000,3200,3300,3333,3400,3466,3600,3733,3866,4000,4133,4200,4266,4333,4500",2133,100,,Prefabs\MotherBoards\ASUS\ASUS_Maximus_X_Apex,ASUS ROG Maximus X Apex
Motherboard,ASUS,ROG Maximus X Code,,Y,280,93,21,50,1.0,,,RGB,Z370,LGA 1151 (Coffee Lake),S-ATX,DDR4,4133,Y,Y,3,Y,1,0,4,6,6,"3+, 2+","3+, 2+, 1+",2666,"2133,2400,2666,2800,3000,3200,3300,3333,3400,3466,3600,3733,3866,4000,4133",2133,100,,Prefabs\MotherBoards\ASUS\ASUS_Maximus_X_CODE,ASUS ROG Maximus X Code
Motherboard,ASUS,ROG Maximus X Formula,,Y,350,117,21,80,1.0,,,RGB,Z370,LGA 1151 (Coffee Lake),S-ATX,DDR4,4133,Y,Y,3,Y,2,0,4,6,6,"3+, 2+","3+, 2+, 1+",2666,"2133,2400,2666,2800,3000,3200,3300,3333,3400,3466,3600,3733,3866,4000,4133",2133,100,,Prefabs\MotherBoards\ASUS\ASUS_Maximus_X,ASUS ROG Maximus X Formula
Motherboard,ASUS,ROG Maximus X Hero (Wi-Fi AC),,Y,260,87,20,40,1.0,,,RGB,Z370,LGA 1151 (Coffee Lake),S-ATX,DDR4,4133,Y,Y,3,Y,2,1,4,6,6,"3+, 2+","3+, 2+, 1+",2666,"2133,2400,2666,2800,3000,3200,3300,3333,3400,3466,3600,3733,3866,4000,4133",2133,100,,Prefabs\MotherBoards\ASUS\ASUS_Maximus_X_Hero,ASUS ROG Maximus X Hero (Wi-Fi AC)
Motherboard,ASUS,ROG Maximus XI Apex,Y,Y,800,450,18,35,,,,RGB,X589+,LGA 3647-V1,E-ATX,DDR4,6200,Y,Y,4,Y,2,1,2,4,4,"2+, 2+","2+, 2+, 2+, 1+",2666,"2133,2400,2666,2800,3000,3200,3300,3333,3400,3466,3600,3666,3733,3800,3866,4000,4133,4266,4333,4400,4500,4600,4700,4800,4900,5000,5100,5200,5300,5400,5500,5600,5700,5800,5900,6000,6100,6200",2133,100,,Prefabs/MotherBoards/ASUS/ASUS_Maximus_X_Apex,ASUS ROG Maximus XI Apex
Motherboard,ASUS,ROG Maximus XI Code,Y,Y,615,450,16,75,,,,RGB,X589,LGA 3647-V1,S-ATX,DDR4,4133,Y,Y,3,Y,1,0,4,6,6,"3+, 2+","3+, 2+, 1+",2666,"2133,2400,2666,2800,3000,3200,3300,3333,3400,3466,3600,3733,3866,4000,4133",2133,100,,Prefabs/MotherBoards/ASUS/ASUS_Maximus_X_CODE,ASUS ROG Maximus XI Code
Motherboard,ASUS,ROG Rampage VI Apex,,Y,600,200,24,40,1.0,,,RGB,X299,LGA 2066,E-ATX,DDR4,4133,Y,Y,4,Y,3,1,4,6,6,"2+, 2+","2+, 2+, 2+, 1+",2400,"2133,2400,2666,2800,3000,3200,3300,3333,3600,3800,3866,4000,4133",2133,100,,Prefabs\MotherBoards\ASUS\ASUS_ROG_Rampage_VI_Apex,ASUS ROG Rampage VI Apex
Motherboard,ASUS,ROG Rampage VI Extreme,,Y,640,213,25,30,1.0,,,RGB,X299,LGA 2066,E-ATX,DDR4,4200,Y,Y,4,Y,3,1,8,6,6,"2+, 2+","2+, 2+, 2+, 1+",2400,"2133,2400,2666,2800,3000,3200,3300,3333,3600,3733,3866,4000,4133,4200",2133,100,,Prefabs\MotherBoards\ASUS\ASUSROGRampageVIExtreme,ASUS ROG Rampage VI Extreme
Motherboard,ASUS,ROG Rampage X Apex,Y,Y,915,535,18,95,,,,RGB,X589+,LGA 3647-V1,E-ATX,DDR4,5700,Y,Y,4,Y,3,1,4,6,6,"2+, 2+","2+, 2+, 2+, 1+",2666,"2133,2400,2666,2800,3000,3200,3300,3333,3400,3466,3600,3666,3733,3800,3866,4000,4133,4266,4333,4400,4500,4600,4700,4800,4900,5000,5100,5200,5300,5400,5500,5600,5700",2133,100,,Prefabs/MotherBoards/ASUS/ASUS_ROG_Rampage_VI_Apex,ASUS ROG Rampage X Apex
Motherboard,ASUS,ROG Rampage X Extreme,Y,Y,1750,893,29,95,,,,RGB,X628+,LGA 3647-V3,E-ATX,DDR4,5600,Y,Y,4,Y,3,1,8,6,6,"2+, 2+","2+, 2+, 2+, 1+",3200,"2133,2400,2666,2800,3000,3200,3300,3333,3600,3733,3866,4000,4133,4200,4300,4400,4800,5000,5200,5300,5400,5500,5600",2133,100,,Prefabs/MotherBoards/ASUS/ASUSROGRampageVIExtreme,ASUS ROG Rampage X Extreme
Motherboard,ASUS,ROG Rampage XI Apex,Y,Y,1350,950,32,35,,,,RGB,X679+,LGA 5903,E-ATX,DDR4,5500,Y,Y,4,Y,3,1,4,6,6,"2+, 2+","2+, 2+, 2+, 1+",2133,"2133,2400,2666,2800,2933,3000,3066,3200,3300,3600,3800,4000,4133,4400,4600,4666,4800,4900,5000,5066,5100,5300,5400,5500",2133,100,,Prefabs/MotherBoards/ASUS/ASUS_ROG_Rampage_VI_Apex,ASUS ROG Rampage XI Apex
Motherboard,ASUS,ROG Rampage XI Apex (2P),Y,Y,2650,1485,33,35,,,,RGB,X679+,LGA 5903 (2P),E-ATX,DDR4,5300,Y,Y,4,Y,3,1,4,6,6,"2+, 2+","2+, 2+, 2+, 1+",2133,"2133,2400,2666,2800,2933,3000,3066,3200,3300,3600,3800,4000,4133,4400,4600,4666,4800,4900,5000,5066,5100,5300",2133,100,,Prefabs/MotherBoards/ASUS/ASUS_ROG_Rampage_VI_Apex,ASUS ROG Rampage XI Apex (2P)
Motherboard,ASUS,ROG Rampage XI Extreme,Y,Y,1500,950,32,25,,,,RGB,W10X+,LGA 4926,E-ATX,DDR4,6000,Y,Y,4,Y,3,1,8,6,6,"2+, 2+","2+, 2+, 2+, 1+",2400,"2133,2400,2666,2800,2933,3000,3066,3200,3300,3600,3800,4000,4133,4400,4600,4666,4800,4900,5000,5066,5100,5300,5600,5700,5800,5900,6000",2133,100,,Prefabs/MotherBoards/ASUS/ASUSROGRampageVIExtreme,ASUS ROG Rampage XI Extreme
Motherboard,ASUS,ROG Rampage XI Extreme (2P),Y,Y,2799,1565,33,25,,,,RGB,W10X+,LGA 4926 (2P),E-ATX,DDR4,5800,Y,Y,4,Y,3,1,8,6,6,"2+, 2+","2+, 2+, 2+, 1+",2400,"2133,2400,2666,2800,2933,3000,3066,3200,3300,3600,3800,4000,4133,4400,4600,4666,4800,4900,5000,5066,5100,5300,5600,5700,5800",2133,100,,Prefabs/MotherBoards/ASUS/ASUSROGRampageVIExtreme,ASUS ROG Rampage XI Extreme (2P)
Motherboard,ASUS,ROG Rampage XII Extreme,Y,Y,1750,1150,33,25,,,,RGB,X679+,LGA 5903,E-ATX,DDR4,6000,Y,Y,4,Y,3,1,8,6,6,"2+, 2+","2+, 2+, 2+, 1+",2400,"2133,2400,2666,2800,2933,3000,3066,3200,3300,3600,3800,4000,4133,4400,4600,4666,4800,4900,5000,5066,5100,5300,5600,5700,5800,5900,6000",2133,100,,Prefabs/MotherBoards/ASUS/ASUSROGRampageVIExtreme,ASUS ROG Rampage XII Extreme
Motherboard,ASUS,ROG Rampage XII Extreme (2P),Y,Y,2999,1815,33,95,,,,RGB,X679+,LGA 5903 (2P),E-ATX,DDR4,5800,Y,Y,4,Y,3,1,8,6,6,"2+, 2+","2+, 2+, 2+, 1+",2400,"2133,2400,2666,2800,2933,3000,3066,3200,3300,3600,3800,4000,4133,4400,4600,4666,4800,4900,5000,5066,5100,5300,5600,5700,5800",2133,100,,Prefabs/MotherBoards/ASUS/ASUSROGRampageVIExtreme,ASUS ROG Rampage XII Extreme (2P)
Motherboard,ASUS,ROG Strix B550-E Gaming,,Y,280,93,32,1,1.9,,,RGB,B550,AM4,S-ATX,DDR4,4600,Y,Y,3,Y,2,0,4,6,6,"3+, 3+","3+, 3+",3200,"2133,2400,2666,2800,3000,3200,3466,3600,3866,4000,4133,4266,4400,4600",2133,100,,v1_9_0\Prefabs\MotherBoards\ASUS\MB_ASUS_ROG_STRIX_B550-E_GAMING,ASUS ROG Strix B550-E Gaming
Motherboard,ASUS,ROG Strix B550-F Gaming Wifi,,Y,210,70,32,1,1.9,,,RGB,B550,AM4,S-ATX,DDR4,4600,Y,Y,3,Y,2,0,4,6,6,"3+, 3+","3+, 3+",3200,"2133,2400,2666,2800,3000,3200,3466,3600,3866,4000,4133,4400,4600",2133,100,,v1_9_0\Prefabs\MotherBoards\ASUS\MB_ASUS_ROG_STRIX_B550-F_GAMING_WiFi,ASUS ROG Strix B550-F Gaming Wifi
Motherboard,ASUS,ROG Strix C679 Workstation,Y,Y,895,480,28,95,,,,RGB,C679,LGA 5903,S-ATX,DDR4ECC,4133,Y,Y,3,,1,0,8,6,8,"3+, 2+","3+, 2+, 1+",2400,"2133,2400,2666,2800,3200,3300,3333,3400,3466,3600,3733,3866,4000,4133",2133,100,,Prefabs/MotherBoards/ASUS/ASUS_ROG_Strix_X299-EGaming,ASUS ROG Strix C679 Workstation
Motherboard,ASUS,ROG Strix C679 Workstation (2P),Y,Y,1695,885,29,95,,,,RGB,C679,LGA 5903 (2P),S-ATX,DDR4ECC,4000,Y,Y,3,,1,0,8,6,8,"3+, 2+","3+, 2+, 1+",2400,"2133,2400,2666,2800,3200,3300,3333,3400,3466,3600,3733,3866,4000",2133,100,,Prefabs/MotherBoards/ASUS/ASUS_ROG_Strix_X299-EGaming,ASUS ROG Strix C679 Workstation (2P)
Motherboard,ASUS,ROG Strix SP3r1X-E Workstation,Y,Y,585,205,21,35,,,,RGB,SP3r1X,SP3r1,E-ATX,DDR4ECC,4000,Y,Y,3,Y,1,0,8,6,6,"2+, 2+","2+, 1+, 2+, 1+",2666,"2133,2400,2666,2800,3000,3200,3466,3600,3800,3866,4000",2133,100,,Prefabs/MotherBoards/ASUS/ASUS_ROGStrix?Gaming,ASUS ROG Strix SP3r1X-E Workstation
Motherboard,ASUS,ROG Strix SP3r1X-E Workstation (2P),Y,Y,1299,699,22,35,,,,RGB,SP3r1X,SP3r1 (2P),E-ATX,DDR4ECC,3866,Y,Y,3,Y,1,0,8,6,6,"2+, 2+","2+, 1+, 2+, 1+",2666,"2133,2400,2666,2800,3000,3200,3466,3600,3800,3866",2133,100,,Prefabs/MotherBoards/ASUS/ASUS_ROGStrix?Gaming,ASUS ROG Strix SP3r1X-E Workstation (2P)
Motherboard,ASUS,ROG Strix SP3r1X-I Workstation,Y,Y,450,205,24,85,,PC,,RGB,SP3r1X,SP3r1,Mini-ITX,DDR4ECC,4000,,,,Y,2,1,2,4,4,1+,1+,2666,"2133,2400,2666,2933,3200,3300,3333,3400,3466,3600,3733,3800,3866,4000",2133,100,,v1_8_0/Prefabs/MotherBoards/ASUS/MB_ASUS_ROG_Strix_X570-I_Gaming,ASUS ROG Strix SP3r1X-I Workstation
Motherboard,ASUS,ROG Strix SP3r2X-E Workstation,Y,Y,815,350,27,45,,,,RGB,SP3r2X,SP3r2,E-ATX,DDR4ECC,4700,Y,Y,3,Y,2,0,8,6,8,"3+, 3+","3+, 1+, 2+",3200,"2133,2400,2666,2800,3200,3400,3466,3733,3800,4133,4266,4333,4400,4600,4666,4700",2133,100,,v1_8_0/Prefabs/MotherBoards/ASUS/MB_ASUS_ROG_Strix_TRX40-E_Gaming,ASUS ROG Strix SP3r2X-E Workstation
Motherboard,ASUS,ROG Strix SP3r2X-E Workstation (2P),Y,Y,1815,865,28,45,,,,RGB,SP3r2X,SP3r2 (2P),E-ATX,DDR4ECC,4666,Y,Y,3,Y,2,0,8,6,8,"3+, 3+","3+, 1+, 2+",3200,"2133,2400,2666,2800,3200,3400,3466,3733,3800,4133,4266,4333,4400,4600,4666",2133,100,,v1_8_0/Prefabs/MotherBoards/ASUS/MB_ASUS_ROG_Strix_TRX40-E_Gaming,ASUS ROG Strix SP3r2X-E Workstation (2P)
Motherboard,ASUS,ROG Strix SP6r1X-I Workstation,Y,Y,700,375,30,35,,PC,,RGB,SP6r1X,SP6,Mini-ITX,DDR4ECC,4000,,,,Y,2,1,2,4,4,1+,1+,2666,"2133,2400,2666,2933,3200,3300,3333,3400,3466,3600,3733,3800,3866,4000",2133,100,,v1_8_0/Prefabs/MotherBoards/ASUS/MB_ASUS_ROG_Strix_X570-I_Gaming,ASUS ROG Strix SP6r1X-I Workstation
Motherboard,ASUS,ROG Strix TRX40-E Gaming,,Y,550,183,31,30,1.8,,,RGB,TRX40,sTRX4,E-ATX,DDR4,4666,Y,Y,3,Y,2,0,8,6,8,"3+, 3+","3+, 1+, 2+",3200,"2133,2400,2666,2800,3200,3400,3466,3733,3800,4133,4266,4333,4400,4600,4666",2133,100,,v1_8_0\Prefabs\MotherBoards\ASUS\MB_ASUS_ROG_Strix_TRX40-E_Gaming,ASUS ROG Strix TRX40-E Gaming
Motherboard,ASUS,ROG Strix TRX40-I Gaming,Y,Y,400,225,31,50,,PC,,RGB,TRX40,sTRX4,Mini-ITX,DDR4,4400,,,,Y,2,1,2,4,4,1+,1+,2666,"2133,2400,2666,2933,3200,3300,3333,3400,3466,3600,3733,3800,3866,4000,4133,4266,4300,4400",2133,100,,v1_8_0/Prefabs/MotherBoards/ASUS/MB_ASUS_ROG_Strix_X570-I_Gaming,ASUS ROG Strix TRX40-I Gaming
Motherboard,ASUS,ROG Strix W10C Workstation,Y,Y,655,275,28,35,,,,RGB,W10C,LGA 4926,S-ATX,DDR4ECC,4133,Y,Y,3,,1,0,8,6,8,"3+, 2+","3+, 2+, 1+",2400,"2133,2400,2666,2800,3200,3300,3333,3400,3466,3600,3733,3866,4000,4133",2133,100,,Prefabs/MotherBoards/ASUS/ASUS_ROG_Strix_X299-EGaming,ASUS ROG Strix W10C Workstation
Motherboard,ASUS,ROG Strix W10C Workstation (2P),Y,Y,1200,585,29,35,,,,RGB,W10C,LGA 4926 (2P),S-ATX,DDR4ECC,4000,Y,Y,3,,1,0,8,6,8,"3+, 2+","3+, 2+, 1+",2400,"2133,2400,2666,2800,3200,3300,3333,3400,3466,3600,3733,3866,4000",2133,100,,Prefabs/MotherBoards/ASUS/ASUS_ROG_Strix_X299-EGaming,ASUS ROG Strix W10C Workstation (2P)
Motherboard,ASUS,ROG Strix X299-E Gaming,,Y,300,100,24,1,1.0,,,RGB,X299,LGA 2066,S-ATX,DDR4,4133,Y,Y,3,Y,1,0,8,6,8,"3+, 2+","3+, 2+, 1+",2400,"2133,2400,2666,2800,3200,3300,3333,3400,3466,3600,3733,3866,4000,4133",2133,100,,Prefabs\MotherBoards\ASUS\ASUS_ROG_Strix_X299-EGaming,ASUS ROG Strix X299-E Gaming
Motherboard,ASUS,ROG Strix X299-I Gaming,Y,Y,325,100,28,50,,,,RGB,X299,LGA 2066,Mini-ITX,DDR4,4500,,,,Y,1,0,2,4,4,1+,1+,2666,"2133,2400,2666,2800,3000,3200,3300,3333,3600,3866,4000,4200,4333,4500",2133,100,,Prefabs/MotherBoards/ASUS/ASUS_ROG_Strix_Z370-I_Gaming,ASUS ROG Strix X299-I Gaming
Motherboard,ASUS,ROG Strix X399-E Gaming,,Y,310,103,22,1,1.0,,,RGB,X399,TR4,E-ATX,DDR4,3600,Y,Y,3,Y,1,0,8,6,6,"2+, 2+","2+, 1+, 2+, 1+",2666,"2133,2400,2666,2800,3000,3200,3466,3600",2133,100,,Prefabs\MotherBoards\ASUS\ASUS_ROGStrix?Gaming,ASUS ROG Strix X399-E Gaming
Motherboard,ASUS,ROG Strix X399-I Gaming,Y,Y,285,125,24,15,,PC,,RGB,X399,TR4,Mini-ITX,DDR4,3866,,,,Y,1,0,2,4,4,1+,1+,2666,"2133,2400,2666,2933,3200,3300,3333,3400,3466,3600,3733,3800,3866",2133,100,,Prefabs/MotherBoards/ASUS/ASUS_Strix_X470_I_Gaming,ASUS ROG Strix X399-I Gaming
Motherboard,ASUS,ROG Strix X470-F Gaming,,Y,190,63,18,1,1.0,,,RGB,X470,AM4,S-ATX,DDR4,3600,Y,Y,3,Y,2,1,4,6,6,"3+, 2+","3+, 2+, 1+",2666,"2133,2400,2666,2800,2933,3000,3200,3400,3466,3600",2133,100,,Prefabs\MotherBoards\ASUS\ASUS_ROGStrix?Gaming,ASUS ROG Strix X470-F Gaming
Motherboard,ASUS,ROG Strix X470-I Gaming,,Y,210,70,18,1,1.0,,,RGB,X470,AM4,Mini-ITX,DDR4,3600,,,,Y,1,0,2,4,4,1+,1+,2666,"2133,2400,2666,2800,2933,3000,3200,3400,3466,3600",2133,100,,Prefabs\MotherBoards\ASUS\ASUS_Strix_X470_I_Gaming,ASUS ROG Strix X470-I Gaming
Motherboard,ASUS,ROG Strix X570-I Gaming,,Y,250,83,31,1,1.8,,,RGB,X570,AM4,Mini-ITX,DDR4,4800,Y,Y,,Y,2,1,2,4,4,1+,1+,3200,"2133,2400,2666,2800,2933,3000,3200,3400,3466,3600,3800,4000,4133,4266,4400,4600,4800",2133,100,,v1_8_0\Prefabs\MotherBoards\ASUS\MB_ASUS_ROG_Strix_X570-I_Gaming,ASUS ROG Strix X570-I Gaming
Motherboard,ASUS,ROG Strix Z370-E Gaming,,Y,210,70,17,65,1.0,,,RGB,Z370,LGA 1151 (Coffee Lake),S-ATX,DDR4,4000,Y,Y,3,Y,2,1,4,6,6,"3+, 2+","3+, 2+, 1+",2666,"2133,2400,2666,2800,3000,3200,3300,3333,3400,3466,3600,3733,3866,4000",2133,100,,Prefabs\MotherBoards\ASUS\ASUS_ROGStrixZ370-EGaming,ASUS ROG Strix Z370-E Gaming
Motherboard,ASUS,ROG Strix Z370-G Gaming (Wi-Fi AC),,Y,185,62,17,15,1.0,,,RGB,Z370,LGA 1151 (Coffee Lake),Micro-ATX,DDR4,4000,Y,Y,2,Y,1,1,4,6,6,"2+, 2+","2+, 2+",2666,"2133,2400,2666,2800,3000,3200,3300,3333,3400,3466,3600,3733,3866,4000",2133,100,,Prefabs\MotherBoards\ASUS\ASUS_ROGStrixZ370-GGaming_WifiAC,ASUS ROG Strix Z370-G Gaming (Wi-Fi AC)
Motherboard,ASUS,ROG Strix Z370-I Gaming,,Y,200,67,25,50,1.0,,,RGB,Z370,LGA 1151 (Coffee Lake),Mini-ITX,DDR4,4333,,,,Y,1,0,2,4,4,1+,1+,2666,"2133,2400,2666,2800,3000,3200,3300,3333,3600,3866,4000,4200,4333",2133,100,,Prefabs\MotherBoards\ASUS\ASUS_ROG_Strix_Z370-I_Gaming,ASUS ROG Strix Z370-I Gaming
Motherboard,ASUS,ROG ZENITH EXTREME,,Y,470,157,23,60,1.0,,,RGB,X399,TR4,E-ATX,DDR4,3600,Y,Y,4,Y,3,1,8,6,6,"2+, 2+","2+, 2+, 2+, 1+",2666,"2133,2400,2666,2800,3200,3600",2133,100,,Prefabs\MotherBoards\ASUS\MB_ASUS_ROG_Zenith_Extreme,ASUS ROG ZENITH EXTREME
Motherboard,ASUS,ROG ZENITH EXTREME SP3r1X+,Y,Y,875,357,24,85,,,,RGB,SP3r1X,SP3r1,E-ATX,DDR4,4600,Y,Y,4,Y,3,1,8,6,6,"2+, 2+","2+, 2+, 2+, 1+",2666,"2133,2400,2666,2800,3200,3600,3800,4000,4133,4200,4300,4400,4500,4600",2133,100,,Prefabs/MotherBoards/ASUS/MB_ASUS_ROG_Zenith_Extreme,ASUS ROG ZENITH EXTREME SP3r1X+
Motherboard,ASUS,ROG ZENITH EXTREME SP3r1X+ (2P),Y,Y,1750,1150,25,85,,,,RGB,SP3r1X,SP3r1 (2P),E-ATX,DDR4,4400,Y,Y,4,Y,3,1,8,6,6,"2+, 2+","2+, 2+, 2+, 1+",2666,"2133,2400,2666,2800,3200,3600,3800,4000,4133,4200,4300,4400",2133,100,,Prefabs/MotherBoards/ASUS/MB_ASUS_ROG_Zenith_Extreme,ASUS ROG ZENITH EXTREME SP3r1X+ (2P)
Motherboard,ASUS,ROG ZENITH II Extreme Alpha,,Y,850,283,31,30,1.8,,,RGB,TRX40,sTRX4,E-ATX,DDR4,4733,Y,Y,3,Y,4,1,8,6,8,"3+, 3+","2+, 1+, 2+, 1+",3200,"2133,2400,2666,2800,3200,3400,3733,3800,4133,4266,4333,4400,4600,4733",2133,100,,v1_8_0\Prefabs\MotherBoards\ASUS\MB_ASUS_ROG_Zenith_II_Extreme_Alpha,ASUS ROG ZENITH II Extreme Alpha
Motherboard,ASUS,ROG ZENITH II Extreme Delta,Y,Y,1250,615,28,95,,,,RGB,SP3r2X+,SP3r2,E-ATX,DDR4,5800,Y,Y,3,Y,4,1,8,6,8,"3+, 3+","2+, 1+, 2+, 1+",3200,"2133,2400,2666,2800,3200,3400,3466,3733,3800,4133,4266,4333,4400,4600,4666,4700,4800,4900,5000,5100,5200,5300,5400,5500,5600,5700,5800",2133,100,,v1_8_0/Prefabs/MotherBoards/ASUS/MB_ASUS_ROG_Zenith_II_Extreme_Alpha,ASUS ROG ZENITH II Extreme Delta
Motherboard,ASUS,ROG ZENITH II Extreme Delta (2P),Y,Y,2250,1415,29,95,,,,RGB,SP3r2X+,SP3r2 (2P),E-ATX,DDR4,5600,Y,Y,3,Y,4,1,8,6,8,"3+, 3+","2+, 1+, 2+, 1+",3200,"2133,2400,2666,2800,3200,3400,3466,3733,3800,4133,4266,4333,4400,4600,4666,4700,4800,4900,5000,5100,5200,5300,5400,5500,5600",2133,100,,v1_8_0/Prefabs/MotherBoards/ASUS/MB_ASUS_ROG_Zenith_II_Extreme_Alpha,ASUS ROG ZENITH II Extreme Delta (2P)
Motherboard,ASUS,TUF C628 MARK 3 (Optane Certified),Y,Y,899,635,25,1,,,,RGB,C628,LGA 3647-V3,S-ATX,DDR-Tv1,3200,Y,Y,3,,1,0,8,6,8,"3+, 2+","3+, 2+, 1+",2400,"2133,2400,2666,2933,3000,3066,3200",2133,100,,Prefabs/MotherBoards/ASUS/ASUS_Tuf_X299_MARK_1,ASUS TUF C628 MARK 3 (Optane Certified)
Motherboard,ASUS,TUF C679 MARK 5 (Optane Certified),Y,Y,1299,1150,29,95,,,,RGB,C679,LGA 5903,S-ATX,DDR-Tv2,3200,Y,Y,3,,1,0,8,6,8,"3+, 2+","3+, 2+, 1+",2400,"2133,2400,2666,2933,3000,3066,3200",2133,100,,Prefabs/MotherBoards/ASUS/ASUS_Tuf_X299_MARK_1,ASUS TUF C679 MARK 5 (Optane Certified)
Motherboard,ASUS,TUF C679 MARK 6 (Optane Certified),Y,Y,1999,1150,30,95,,,,RGB,C679,LGA 5903 (2P),S-ATX,DDR-Tv2,3200,Y,Y,3,,1,0,8,6,8,"3+, 2+","3+, 2+, 1+",2400,"2133,2400,2666,2933,3000,3066,3200",2133,100,,Prefabs/MotherBoards/ASUS/ASUS_Tuf_X299_MARK_1,ASUS TUF C679 MARK 6 (Optane Certified)
Motherboard,ASUS,TUF X299 MARK 1,,Y,340,113,24,1,1.0,,,RGB,X299,LGA 2066,S-ATX,DDR4,4133,Y,Y,3,Y,1,0,8,6,8,"3+, 2+","3+, 2+, 1+",2400,"2133,2400,2666,3600,4000,4133",2133,100,,Prefabs\MotherBoards\ASUS\ASUS_Tuf_X299_MARK_1,ASUS TUF X299 MARK 1
Motherboard,ASUS,TUF X589 MARK 2,Y,Y,999,546,19,95,,,,RGB,X589+,LGA 3647-V1,S-ATX,DDR4,5200,Y,Y,3,Y,1,0,8,6,8,"3+, 2+","3+, 2+, 1+",2400,"2133,2400,2666,2800,3000,3200,3300,3333,3400,3466,3600,3666,3733,3800,3866,4000,4133,4266,4333,4400,4500,4600,4700,4800,4900,5000,5100,5200",2133,100,,Prefabs/MotherBoards/ASUS/ASUS_Tuf_X299_MARK_1,ASUS TUF X589 MARK 2
Motherboard,ASUS,TUF Z370-PLUS GAMING,,Y,165,55,15,1,1.0,,,RGB,Z370,LGA 1151 (Coffee Lake),S-ATX,DDR4,4000,Y,Y,3,Y,2,1,4,6,6,"3+, 3+","3+, 3+",2666,"2133,2400,2666,2800,3000,3200,3300,3333,3400,3466,3600,3733,3866,4000",2133,100,,Prefabs\MotherBoards\ASUS\ASUS_TUF_Z370-PLUS_GAMING,ASUS TUF Z370-PLUS GAMING
Motherboard,ASUS,TUF Z370-PRO GAMING,,Y,155,52,15,1,1.0,,,,Z370,LGA 1151 (Coffee Lake),S-ATX,DDR4,4000,Y,Y,3,Y,2,2,4,4,4,"3+, 2+","3+, 2+, 1+",2666,"2133,2400,2666,2800,3000,3200,3300,3333,3400,3466,3600,3733,3866,4000",2133,100,,Prefabs\MotherBoards\ASUS\ASUS_TUF_Z370PRO_GAMING,ASUS TUF Z370-PRO GAMING
Motherboard,Colorful,CVN B365M GAMING PRO V20,,Y,105,35,20,1,1.5,PC,,,B365,LGA 1151 (Coffee Lake),Micro-ATX,DDR4,2666,,,,,2,0,4,6,6,"3+, 1+","3+, 1+",2666,"2133,2400,2666",2133,100,,Prefabs\MotherBoards\Colorful\MB_CVN_B365_GamingPro_V2,Colorful CVN B365M GAMING PRO V20
Motherboard,Colorful,CVN C589 WORKSTATION PRO V15,Y,Y,300,185,14,75,,PC,,,C589,LGA 3647-V1,Micro-ATX,DDR4,2666,,Y,,,2,0,4,6,6,"3+, 1+","3+, 1+",2133,"2133,2400,2666,2800",2133,100,,Prefabs/MotherBoards/Colorful/MB_CVN_B365_GamingPro_V2,Colorful CVN C589 WORKSTATION PRO V15
Motherboard,Colorful,CVN C628M WORKSTATION PRO V25,Y,Y,300,95,19,25,,PC,,,C628,LGA 3647-V3,Micro-ATX,DDR4ECC,4133,,,,,2,1,4,4,4,4+,4+,2666,"2133,2400,2666,2800,3000,3200,3400,3600,3800,4000,4133",2133,100,,Prefabs/MotherBoards/Colorful/MB_CVN_Z390_GamingPro_V2,Colorful CVN C628M WORKSTATION PRO V25
Motherboard,Colorful,CVN Z390M GAMING PRO V20,,Y,140,47,21,60,1.5,PC,,,Z390,LGA 1151 (Coffee Lake),Micro-ATX,DDR4,3200,,,,Y,2,1,4,4,4,4+,4+,2666,"2133,2400,2666,2800,3000,3200",2133,100,,Prefabs\MotherBoards\Colorful\MB_CVN_Z390_GamingPro_V2,Colorful CVN Z390M GAMING PRO V20
Motherboard,Colorful,iGame Z390 Vulcan X V20,,Y,260,87,21,40,1.5,PC,,RGB,Z390,LGA 1151 (Coffee Lake),S-ATX,DDR4,4000,Y,Y,3,Y,2,1,4,6,6,"3+, 2+","3+, 2+, 1+",2666,"2133,2400,2666,2800,3000,3200,3300,3333,3400,3466,3600,3733,3800,3866,4000",2133,100,,Prefabs\MotherBoards\Colorful\MB_Igame_Z390_Vulcan_X_V20,Colorful iGame Z390 Vulcan X V20
Motherboard,DFL,A320M 4TUNE X,,Y,190,63,3,1,1.0,,,,A320,AM4,S-ATX,DDR4,3733,,,,,0,0,4,6,6,"3+, 3+","3+, 3+",2133,"2133,2400,2666,2800,3000,3200,3300,3400,3600,3733",2133,100,,Prefabs/Generic/Motherboard_AM4,DFL A320M 4TUNE X
Motherboard,DFL,A320M 4TUNE X v2,Y,,215,85,5,75,,,,,A320,AM4,S-ATX,DDR4,4133,Y,Y,,Y,0,0,4,6,6,"3+, 3+","3+, 3+",2133,"2133,2400,2666,2800,3000,3200,3300,3400,3600,3733,3866,4000,4133",2133,100,,Prefabs/Generic/Motherboard_AM4,DFL A320M 4TUNE X v2
Motherboard,DFL,C628 4TUNE X,Y,Y,235,75,17,1,,,,,C628,LGA 3647-V3,S-ATX,DDR4ECC,3733,,,,Y,0,0,4,6,6,"3+, 3+","3+, 3+",2133,"2133,2400,2666,2800,3000,3200,3300,3400,3600,3733",2133,100,,Prefabs/Generic/Motherboard_LGA1151,DFL C628 4TUNE X
Motherboard,DFL,H170 4TUNE X,,Y,190,63,1,1,1.0,,,,H170,LGA 1151 (Skylake),S-ATX,DDR4,3000,,,,,0,0,4,6,6,"3+, 3+","3+, 3+",2133,"2133,2400,2666,2800,3000",2133,100,,Prefabs/Generic/Motherboard_LGA1151,DFL H170 4TUNE X
Motherboard,DFL,Z170 4TUNE X v2,Y,,205,75,5,65,,,,,Z170,LGA 1151 (Skylake),S-ATX,DDR4,4133,Y,Y,,Y,0,0,4,6,6,"3+, 3+","3+, 3+",2133,"2133,2400,2666,2800,3000,3200,3300,3400,3600,3733,3866,4000,4133",2133,100,,Prefabs/Generic/Motherboard_LGA1151,DFL Z170 4TUNE X v2
Motherboard,EVGA,C628 Micro,Y,Y,385,100,18,85,,,,,C628,LGA 3647-V3,Micro-ATX,DDR4ECC,3600,Y,Y,3,,1,1,4,6,6,"2+, 1+","2+, 1+, 1+",2400,"2400,2666,2800,3000,3200,3600",2400,100,,Prefabs/MotherBoards/EVGA/MB_EVGA_x299_Micro,EVGA C628 Micro
Motherboard,EVGA,W10X FTW X,Y,Y,750,305,29,85,,,,RGB,W10X,LGA 4926,E-ATX,DDR4ECC,4400,Y,Y,3,Y,2,2,8,6,8,"2+, 1+","2+, 1+, 1+, 2+",2400,"2400,2666,2800,3000,3200,3600,3666,3800,4000,4133,4400",2400,100,,Prefabs/MotherBoards/EVGA/MB_EVGA_X299_FTWK,EVGA W10X FTW X
Motherboard,EVGA,W10X FTW X (2P),Y,Y,1950,1100,30,85,,,,RGB,W10X,LGA 4926 (2P),E-ATX,DDR4ECC,4133,Y,Y,3,Y,2,2,8,6,8,"2+, 1+","2+, 1+, 1+, 2+",2400,"2400,2666,2800,3000,3200,3600,3666,3800,4000,4133",2400,100,,Prefabs/MotherBoards/EVGA/MB_EVGA_X299_FTWK,EVGA W10X FTW X (2P)
Motherboard,EVGA,W10X Micro,Y,Y,685,245,30,60,,,,,W10X,LGA 4926,Micro-ATX,DDR4ECC,4000,Y,Y,3,Y,1,1,4,6,6,"2+, 1+","2+, 1+, 1+",2400,"2400,2666,2800,3000,3200,3600,3800,4000",2400,100,,Prefabs/MotherBoards/EVGA/MB_EVGA_x299_Micro,EVGA W10X Micro
Motherboard,EVGA,W10X+ Classified X,Y,Y,950,525,28,85,,,,,W10X+,LGA 4926,E-ATX,DDR4,4800,Y,Y,3,Y,2,2,4,6,12,"3+, 2+","3+, 2+, 1+",2400,"2133,2400,2666,2800,3000,3200,3600,3866,3900,4000,4100,4400,4666,4800",2133,100,,Prefabs/MotherBoards/EVGA/EVGA_classified_K_Z270,EVGA W10X+ Classified X
Motherboard,EVGA,W10X+ Classified X (2P),Y,Y,1750,950,29,85,,,,,W10X+,LGA 4926 (2P),E-ATX,DDR4,4666,Y,Y,3,Y,2,2,4,6,12,"3+, 2+","3+, 2+, 1+",2400,"2133,2400,2666,2800,3000,3200,3600,3866,3900,4000,4100,4400,4666",2133,100,,Prefabs/MotherBoards/EVGA/EVGA_classified_K_Z270,EVGA W10X+ Classified X (2P)
Motherboard,EVGA,W10X+ DARK,Y,Y,1250,685,31,35,,,,,W10X+,LGA 4926,E-ATX,DDR4,5700,Y,Y,4,Y,2,0,4,6,8,"2+, 2+","2+, 1+, 1+, 2+, 1+",2133,"2133,2400,2666,2800,2933,3000,3066,3200,3300,3600,3800,4000,4133,4400,4600,4666,4800,4900,5000,5066,5100,5300,5600,5700",2133,100,,v1_7_0/Prefabs/MotherBoards/EVGA/MB_EVGA_X299_Dark,EVGA W10X+ DARK
Motherboard,EVGA,W10X+ DARK (2P),Y,Y,2399,1499,32,35,,,,,W10X+,LGA 4926 (2P),E-ATX,DDR4,5500,Y,Y,4,Y,2,0,4,6,8,"2+, 2+","2+, 1+, 1+, 2+, 1+",2133,"2133,2400,2666,2800,2933,3000,3066,3200,3300,3600,3800,4000,4133,4400,4600,4666,4800,4900,5000,5066,5100,5300,5500",2133,100,,v1_7_0/Prefabs/MotherBoards/EVGA/MB_EVGA_X299_Dark,EVGA W10X+ DARK (2P)
Motherboard,EVGA,X299 DARK,,Y,500,167,30,60,1.7,,,,X299,LGA 2066,E-ATX,DDR4,4000,Y,Y,4,Y,2,0,4,6,8,"2+, 2+","2+, 1+, 1+, 2+, 1+",2400,"2400,2600,2800,3000,3200,3600,3800,4000",2400,100,,v1_7_0/Prefabs/MotherBoards/EVGA/MB_EVGA_X299_Dark,EVGA X299 DARK
Motherboard,EVGA,X299 FTW K,,Y,200,67,30,20,1.0,,,RGB,X299,LGA 2066,E-ATX,DDR4,4000,Y,Y,3,Y,2,2,8,6,8,"2+, 1+","2+, 1+, 1+, 2+",2400,"2400,2600,2800,3000,3200,3600,3800,4000",2400,100,,Prefabs/MotherBoards/EVGA/MB_EVGA_X299_FTWK,EVGA X299 FTW K
Motherboard,EVGA,X299 Micro,,Y,120,40,30,60,1.0,,,,X299,LGA 2066,Micro-ATX,DDR4,4000,Y,Y,3,Y,1,1,4,6,6,"2+, 1+","2+, 1+, 1+",2400,"2400,2600,2800,3000,3200,3600,3800,4000",2400,100,,Prefabs/MotherBoards/EVGA/MB_EVGA_x299_Micro,EVGA X299 Micro
Motherboard,EVGA,X628 DARK,Y,Y,1350,693,28,95,,,,,X628+,LGA 3647-V3,E-ATX,DDR4,6000,Y,Y,4,Y,2,0,4,6,8,"2+, 2+","2+, 1+, 1+, 2+, 1+",2400,"2133,2400,2666,2800,3000,3200,3300,3333,3600,3733,3866,4000,4133,4200,4300,4400,4800,5000,5200,5300,5400,5500,5550,5600,5650,5700,5750,5800,5850,5900,5950,5950,6000",2133,100,,v1_7_0/Prefabs/MotherBoards/EVGA/MB_EVGA_X299_Dark,EVGA X628 DARK
Motherboard,EVGA,X628 FTW,Y,Y,745,350,25,15,,,,,X628+,LGA 3647-V3,S-ATX,DDR4,4700,Y,Y,3,Y,2,2,4,6,6,"3+, 2+","3+, 2+, 1+",2400,"2133,2400,2666,2800,3000,3200,3300,3333,3600,3800,3866,4000,4133,4200,4300,4400,4600,4700",2133,100,,Prefabs/MotherBoards/EVGA/EVGA_Z370_FTW,EVGA X628 FTW
Motherboard,EVGA,X628 FTW K,Y,Y,835,335,28,85,,,,,X628,LGA 3647-V3,E-ATX,DDR4ECC,4400,Y,Y,3,Y,2,2,8,6,8,"2+, 1+","2+, 1+, 1+, 2+",2400,"2133,2400,2666,3000,3200,3600,4000,4133,4200,4300,4400",2133,100,,Prefabs/MotherBoards/EVGA/MB_EVGA_X299_FTWK,EVGA X628 FTW K
Motherboard,EVGA,X679 Classified X,Y,Y,1150,650,29,45,,,,,X679+,LGA 5903,E-ATX,DDR4,4666,Y,Y,3,Y,2,2,4,6,12,"3+, 2+","3+, 2+, 1+",2400,"2133,2400,2666,2800,3000,3200,3600,3866,3900,4000,4100,4400,4666",2133,100,,Prefabs/MotherBoards/EVGA/EVGA_classified_K_Z270,EVGA X679 Classified X
Motherboard,EVGA,X679 Classified X (2P),Y,Y,1999,995,30,45,,,,,X679+,LGA 5903 (2P),E-ATX,DDR4,4400,Y,Y,3,Y,2,2,4,6,12,"3+, 2+","3+, 2+, 1+",2400,"2133,2400,2666,2800,3000,3200,3600,3866,3900,4000,4100,4400",2133,100,,Prefabs/MotherBoards/EVGA/EVGA_classified_K_Z270,EVGA X679 Classified X (2P)
Motherboard,EVGA,X679 FTW X,Y,Y,1350,785,30,85,,,,RGB,X679,LGA 5903,E-ATX,DDR4ECC,4133,Y,Y,3,Y,2,2,8,6,8,"2+, 1+","2+, 1+, 1+, 2+",2400,"2400,2666,2800,3000,3200,3600,3666,3800,4000,4133",2400,100,,Prefabs/MotherBoards/EVGA/MB_EVGA_X299_FTWK,EVGA X679 FTW X
Motherboard,EVGA,X679 FTW X (2P),Y,Y,2250,1200,31,85,,,,RGB,X679,LGA 5903 (2P),E-ATX,DDR4ECC,4000,Y,Y,3,Y,2,2,8,6,8,"2+, 1+","2+, 1+, 1+, 2+",2400,"2400,2666,2800,3000,3200,3600,3666,3800,4000",2400,100,,Prefabs/MotherBoards/EVGA/MB_EVGA_X299_FTWK,EVGA X679 FTW X (2P)
Motherboard,EVGA,X679 Micro,Y,Y,950,245,31,35,,,,,X679,LGA 5903,Micro-ATX,DDR4ECC,4000,Y,Y,3,Y,1,1,4,6,6,"2+, 1+","2+, 1+, 1+",2400,"2400,2666,2800,3000,3200,3600,3800,4000",2400,100,,Prefabs/MotherBoards/EVGA/MB_EVGA_x299_Micro,EVGA X679 Micro
Motherboard,EVGA,Z270 Classified K,,Y,300,100,9,59,1.0,,,,Z270,LGA 1151 (Kaby Lake),E-ATX,DDR4,3600,Y,Y,3,Y,2,2,4,6,12,"3+, 2+","3+, 2+, 1+",2400,"2133,2400,2600,2800,3000,3200,3600",2133,100,,Prefabs\MotherBoards\EVGA\EVGA_classified_K_Z270,EVGA Z270 Classified K
Motherboard,EVGA,Z270 FTW K,,Y,240,80,7,50,1.0,,,Red,Z270,LGA 1151 (Kaby Lake),S-ATX,DDR4,3600,Y,Y,3,Y,2,2,4,6,8,"3+, 2+","3+, 2+, 1+",2400,"2133,2400,2600,2800,3000,3200,3600",2133,100,,Prefabs/MotherBoards/EVGA/EVGA_Z270,EVGA Z270 FTW K
Motherboard,EVGA,Z370 FTW,,Y,200,67,19,30,1.0,,,,Z370,LGA 1151 (Coffee Lake),S-ATX,DDR4,4133,Y,Y,3,Y,2,2,4,6,6,"3+, 2+","3+, 2+, 1+",2666,"2133,2400,2666,2800,3000,3200,3300,3333,3400,3466,3600,3666,3733,3800,3866,4000,4133",2133,100,,Prefabs/MotherBoards/EVGA/EVGA_Z370_FTW,EVGA Z370 FTW
Motherboard,GIGABYTE,B360 AORUS GAMING 3,,Y,120,40,15,1,1.3,PC,,RGB,B360,LGA 1151 (Coffee Lake),S-ATX,DDR4,2666,Y,Y,3,,1,0,4,6,6,"3+, 2+","3+, 2+, 1+",2666,"2133,2400,2666",2133,100,,Prefabs\MotherBoards\GigaByte\MB_Gigabyte_B360_AORUS_GAMING_3,GIGABYTE B360 AORUS GAMING 3
Motherboard,GIGABYTE,B360M AORUS GAMING 3,,Y,160,53,16,10,1.3,PC,,RGB,B360,LGA 1151 (Coffee Lake),Micro-ATX,DDR4,2666,Y,Y,3,,2,2,4,6,6,"3+, 1+","3+, 1+",2666,"2133,2400,2666",2133,100,,Prefabs\MotherBoards\GigaByte\MB_Gigabyte_B360M_AORUS_GAMING_3,GIGABYTE B360M AORUS GAMING 3
Motherboard,GIGABYTE,B360N AORUS GAMING WIFI,,Y,120,40,16,20,1.2,,,RGB,B360,LGA 1151 (Coffee Lake),Mini-ITX,DDR4,2666,,,,,1,0,2,4,4,1+,1+,2666,"2133,2400,2666",2133,100,,Prefabs\MotherBoards\GigaByte\MB_Gigabyte_B360N_AourusWIFI,GIGABYTE B360N AORUS GAMING WIFI
Motherboard,GIGABYTE,B450 AORUS M,,Y,85,28,18,1,1.3,PC,,RGB,B450,AM4,Micro-ATX,DDR4,3200,Y,Y,3,Y,1,0,4,6,6,"3+, 1+","3+, 1+",2666,"2133,2400,2666,2933,3200",2133,100,,Prefabs\MotherBoards\GigaByte\MB_Gigabyte_B450_AORUS_M,GIGABYTE B450 AORUS M
Motherboard,GIGABYTE,GA-AB350-Gaming 3,,Y,110,37,7,1,1.0,,,RGB,B350,AM4,S-ATX,DDR4,3200,Y,,3,Y,1,1,4,4,4,"3+, 2+","3+, 2+, 1+",2400,"2133,2400,2667,2933,3200",2133,100,,Prefabs\MotherBoards\GigaByte\GigaByte_GA_AB350_Gaming_3,GIGABYTE GA-AB350-Gaming 3
Motherboard,GIGABYTE,GA-AB350M-Gaming 3,,Y,85,28,7,15,1.0,,,,B350,AM4,Micro-ATX,DDR4,3200,,,,Y,1,1,4,6,6,"3+, 1+","3+, 1+",2400,"2133,2400,2667,2933,3200",2133,100,,Prefabs\MotherBoards\GigaByte\GIGABYTE_GA-AB350M-Gaming_3,GIGABYTE GA-AB350M-Gaming 3
Motherboard,GIGABYTE,GA-AX370-Gaming 5,,Y,185,62,7,25,1.0,,,RGB,X370,AM4,S-ATX,DDR4,3200,Y,Y,3,Y,1,1,4,6,6,"3+, 2+","3+, 2+, 1+",2400,"2133,2400,2667,2933,3200",2133,100,,Prefabs\MotherBoards\GigaByte\GigaByte_GA_AX370_Gaming_5,GIGABYTE GA-AX370-Gaming 5
Motherboard,GIGABYTE,GA-AX370-Gaming K7,,Y,210,70,7,1,1.0,,,RGB,X370,AM4,S-ATX,DDR4,3600,Y,Y,3,Y,1,1,4,6,6,"3+, 2+","3+, 2+, 1+",2400,"2133,2400,2667,2933,3200,3400,3600",2133,100,,Prefabs\MotherBoards\GigaByte\GigaByte_GA_AX370_Gaming_K7,GIGABYTE GA-AX370-Gaming K7
Motherboard,GIGABYTE,GA-B250M-Gaming 5,,Y,170,57,4,1,1.0,,,RGB,B250,LGA 1151 (Kaby Lake),Micro-ATX,DDR4,2400,Y,,2,,1,0,4,6,6,"2+, 1+","2+, 1+",2400,"2133,2400",2133,100,,Prefabs\MotherBoards\GigaByte\MB_[Gigabyte]_GA-B250M-Gaming_5_AM,GIGABYTE GA-B250M-Gaming 5
Motherboard,GIGABYTE,GA-X628+Workstation 8,Y,Y,695,245,24,45,,,,RGB,X628+,LGA 3647-V3,S-ATX,DDR4,4500,Y,Y,3,Y,2,2,4,4,4,"3+, 2+","3+, 2+, 1+, 1+",2400,"2133,2400,2666,2800,3000,3200,3300,3333,3400,3466,3600,3666,3733,3800,3866,4000,4133,4200,4300,4400,4500",2133,100,,Prefabs/MotherBoards/GigaByte/Gigabyte_GA-Z270X-Gaming_8,GIGABYTE GA-X628+Workstation 8
Motherboard,GIGABYTE,GA-Z270X-Gaming 8,,Y,430,143,19,1,1.0,,,RGB,Z270,LGA 1151 (Kaby Lake),S-ATX,DDR4,4133,Y,Y,3,Y,2,2,4,4,4,"3+, 2+","3+, 2+, 1+, 1+",2400,"2133,2400,2666,2800,3000,3200,3300,3333,3400,3466,3600,3666,3733,3800,3866,4000,4133",2133,100,,Prefabs\MotherBoards\GigaByte\Gigabyte_GA-Z270X-Gaming_8,GIGABYTE GA-Z270X-Gaming 8
Motherboard,GIGABYTE,H370 AORUS GAMING 3,,Y,140,47,16,60,1.3,PC,,RGB,H370,LGA 1151 (Coffee Lake),S-ATX,DDR4,2666,Y,Y,3,,2,1,4,6,6,"3+, 3+","3+, 3+",2666,"2133,2400,2666",2133,100,,Prefabs\MotherBoards\GigaByte\MB_GIGABYTE_AORUS_H370,GIGABYTE H370 AORUS GAMING 3
Motherboard,GIGABYTE,SP3r1 DESIGNARE EX,Y,Y,545,215,19,40,,,,RGB,SP3r1,SP3r1,S-ATX,DDR4ECC,4000,Y,Y,4,,2,2,8,6,8,"2+, 2+","2+, 1+, 1+, 2+, 1+",2666,"2133,2400,2667,2933,3200,3333,3466,3600,3800,4000",2133,100,,Prefabs/MotherBoards/GigaByte/GigaByte_X399_Designare _EX,GIGABYTE SP3r1 DESIGNARE EX
Motherboard,GIGABYTE,SP3r1 DESIGNARE EX (2P),Y,Y,985,400,20,40,,,,RGB,SP3r1,SP3r1 (2P),S-ATX,DDR4ECC,3866,Y,Y,4,,2,2,8,6,8,"2+, 2+","2+, 1+, 1+, 2+, 1+",2666,"2133,2400,2667,2933,3200,3333,3466,3600,3866",2133,100,,Prefabs/MotherBoards/GigaByte/GigaByte_X399_Designare _EX,GIGABYTE SP3r1 DESIGNARE EX (2P)
Motherboard,GIGABYTE,SP3r1X AORUS Workstation 7,Y,Y,485,130,20,35,,,,RGB,SP3r1X,SP3r1,S-ATX,DDR4ECC,3400,,Y,4,Y,3,3,8,6,8,"2+, 2+","2+, 1+, 1+, 2+, 1+",2666,"2133,2400,2667,2800,2933,3200,3333,3400",2133,100,,Prefabs/MotherBoards/GigaByte/GigaByte_X399_AORUS_Gaming_7,GIGABYTE SP3r1X AORUS Workstation 7
Motherboard,GIGABYTE,SP3r1X AORUS Workstation 7 (2P),Y,Y,1110,585,21,35,,,,RGB,SP3r1X,SP3r1 (2P),S-ATX,DDR4ECC,3200,,Y,4,Y,3,3,8,6,8,"2+, 2+","2+, 1+, 1+, 2+, 1+",2666,"2133,2400,2667,2800,2933,3200",2133,100,,Prefabs/MotherBoards/GigaByte/GigaByte_X399_AORUS_Gaming_7,GIGABYTE SP3r1X AORUS Workstation 7 (2P)
Motherboard,GIGABYTE,SP3r2 DESIGNARE EX,Y,Y,585,375,25,1,,,,RGB,SP3r2,SP3r2,S-ATX,DDR4ECC,4200,Y,,4,,2,2,8,6,8,"2+, 2+","2+, 1+, 1+, 2+, 1+",2666,"2133,2400,2667,2933,3200,3333,3466,3600,3800,4000",2133,100,,Prefabs/MotherBoards/GigaByte/GigaByte_X399_Designare _EX,GIGABYTE SP3r2 DESIGNARE EX
Motherboard,GIGABYTE,SP3r2 DESIGNARE EX (2P),Y,Y,1585,850,26,1,,,,RGB,SP3r2,SP3r2 (2P),S-ATX,DDR4ECC,4000,Y,,4,,2,2,8,6,8,"2+, 2+","2+, 1+, 1+, 2+, 1+",2666,"2133,2400,2667,2933,3200,3333,3466,3600,3800,4000",2133,100,,Prefabs/MotherBoards/GigaByte/GigaByte_X399_Designare _EX,GIGABYTE SP3r2 DESIGNARE EX (2P)
Motherboard,GIGABYTE,SP3r2X AORUS MASTER,Y,Y,795,357,26,85,,PC,,RGB,SP3r2X,SP3r2,E-ATX,DDR4ECC,4700,Y,Y,3,Y,3,0,8,6,8,"3+, 3+","2+, 1+, 2+, 1+",3200,"2133,2400,2667,2933,3200,3300,3333,3400,3466,3600,3733,3866,4000,4133,4266,4400,4500,4600,4700",2133,100,,v1_8_0/Prefabs/MotherBoards/GigaByte/MB_Gigabyte_TRX40_Aorus_Master,GIGABYTE SP3r2X AORUS MASTER
Motherboard,GIGABYTE,SP3r2X AORUS MASTER (2P),Y,Y,1795,965,27,85,,PC,,RGB,SP3r2X,SP3r2 (2P),E-ATX,DDR4ECC,4500,Y,Y,3,Y,3,0,8,6,8,"3+, 3+","2+, 1+, 2+, 1+",3200,"2133,2400,2667,2933,3200,3300,3333,3400,3466,3600,3733,3866,4000,4133,4266,4400,4500",2133,100,,v1_8_0/Prefabs/MotherBoards/GigaByte/MB_Gigabyte_TRX40_Aorus_Master,GIGABYTE SP3r2X AORUS MASTER (2P)
Motherboard,GIGABYTE,SP3r2X AORUS PRO WIFI,Y,Y,720,360,25,55,,PC,,RGB,SP3r2X,SP3r2,E-ATX,DDR4ECC,4500,Y,Y,3,Y,3,0,8,6,8,"3+, 3+","2+, 1+, 2+, 1+",3200,"2133,2400,2667,2933,3200,3300,3333,3400,3466,3600,3733,3866,4000,4133,4266,4400,4500",2133,100,,v1_8_0/Prefabs/MotherBoards/GigaByte/MB_Gigabyte_TRX40_Aorus_Pro_Wifi,GIGABYTE SP3r2X AORUS PRO WIFI
Motherboard,GIGABYTE,SP3r2X AORUS PRO WIFI (2P),Y,Y,1720,915,26,55,,PC,,RGB,SP3r2X,SP3r2 (2P),E-ATX,DDR4ECC,4266,Y,Y,3,Y,3,0,8,6,8,"3+, 3+","2+, 1+, 2+, 1+",3200,"2133,2400,2667,2933,3200,3300,3333,3400,3466,3600,3733,3866,4000,4133,4266",2133,100,,v1_8_0/Prefabs/MotherBoards/GigaByte/MB_Gigabyte_TRX40_Aorus_Pro_Wifi,GIGABYTE SP3r2X AORUS PRO WIFI (2P)
Motherboard,GIGABYTE,SP3r2X AORUS XTREME,Y,Y,1650,750,30,15,,PC,,RGB,SP3r2X+,SP3r2,XL-ATX,DDR4,6400,Y,Y,2,Y,4,0,8,6,10,"3+, 2","2+, 2+, 2+, 1",3200,"2133,2400,2666,2800,3200,3400,3466,3733,3800,4133,4266,4333,4400,4600,4666,4700,4800,4900,5000,5100,5200,5300,5400,5500,5600,5700,5800,5900,5950,6000,6050,6100,6150,6200,6250,6300,6350,6400",2133,100,,v1_8_0/Prefabs/MotherBoards/GigaByte/MB_Gigabyte_TRX40_AORUS_XTREME,GIGABYTE SP3r2X AORUS XTREME
Motherboard,GIGABYTE,SP3r2X AORUS XTREME (2P),Y,Y,2650,1735,31,15,,PC,,RGB,SP3r2X+,SP3r2 (2P),XL-ATX,DDR4,6200,Y,Y,2,Y,4,0,8,6,10,"3+, 2","2+, 2+, 2+, 1",3200,"2133,2400,2666,2800,3200,3400,3466,3733,3800,4133,4266,4333,4400,4600,4666,4700,4800,4900,5000,5100,5200,5300,5400,5500,5600,5700,5800,5900,5950,6000,6050,6100,6150,6200,6200",2133,100,,v1_8_0/Prefabs/MotherBoards/GigaByte/MB_Gigabyte_TRX40_AORUS_XTREME,GIGABYTE SP3r2X AORUS XTREME (2P)
Motherboard,GIGABYTE,SP6r1X+ DESIGNARE,Y,Y,1700,950,32,85,,PC,,RGB,SP6r1X+,SP6,XL-ATX,DDR4,5800,Y,Y,2,Y,4,0,8,6,8,"3+, 2","2+, 2+, 2+, 1",3200,"2133,2400,2667,2933,3000,3200,3300,3333,3400,3466,3600,3733,3866,4000,4133,4266,4400,4666,4800,4900,5000,5100,5200,5300,5400,5500,5600,5700,5800",2133,100,,v1_8_0/Prefabs/MotherBoards/GigaByte/MB_Gigabyte_TRX40_DESIGNARE,GIGABYTE SP6r1X+ DESIGNARE
Motherboard,GIGABYTE,SP6r1X+ DESIGNARE (2P),Y,Y,2899,2150,32,85,,PC,,RGB,SP6r1X+,SP6 (2P),XL-ATX,DDR4,5800,Y,Y,2,Y,4,0,8,6,8,"3+, 2","2+, 2+, 2+, 1",3200,"2133,2400,2666,2933,3000,3200,3300,3333,3400,3466,3600,3733,3866,4000,4133,4266,4400,4666,4800,4900,5000,5100,5200,5300,5400,5500,5600,5700,5800",2133,100,,v1_8_0/Prefabs/MotherBoards/GigaByte/MB_Gigabyte_TRX40_DESIGNARE,GIGABYTE SP6r1X+ DESIGNARE (2P)
Motherboard,GIGABYTE,TRX40 AORUS MASTER (rev. 1.0),,Y,500,167,31,1,1.8,PC,,RGB,TRX40,sTRX4,E-ATX,DDR4,4400,Y,Y,3,Y,3,0,8,6,8,"3+, 3+","2+, 1+, 2+, 1+",3200,"2133,2400,2667,2933,3200,3300,3333,3400,3466,3600,3733,3866,4000, 4133, 4266, 4400",2133,100,,v1_8_0\Prefabs\MotherBoards\GigaByte\MB_Gigabyte_TRX40_Aorus_Master,GIGABYTE TRX40 AORUS MASTER (rev. 1.0)
Motherboard,GIGABYTE,TRX40 AORUS PRO WIFI (rev. 1.0),,Y,400,133,31,1,1.8,PC,,RGB,TRX40,sTRX4,E-ATX,DDR4,4400,Y,Y,3,Y,3,0,8,6,8,"3+, 3+","2+, 1+, 2+, 1+",3200,"2133,2400,2667,2933,3200,3300,3333,3400,3466,3600,3733,3866,4000, 4133, 4266, 4400",2133,100,,v1_8_0\Prefabs\MotherBoards\GigaByte\MB_Gigabyte_TRX40_Aorus_Pro_Wifi,GIGABYTE TRX40 AORUS PRO WIFI (rev. 1.0)
Motherboard,GIGABYTE,TRX40 AORUS XTREME (rev. 1.0),,Y,850,283,31,60,1.8,PC,,RGB,TRX40,sTRX4,XL-ATX,DDR4,4400,Y,Y,2,Y,4,0,8,6,10,"3+, 2","2+, 2+, 2+, 1",3200,"2133,2400,2667,2933,3200,3300,3333,3400,3466,3600,3733,3866,4000, 4133, 4266, 4400",2133,100,,v1_8_0\Prefabs\MotherBoards\GigaByte\MB_Gigabyte_TRX40_AORUS_XTREME,GIGABYTE TRX40 AORUS XTREME (rev. 1.0)
Motherboard,GIGABYTE,TRX40 DESIGNARE (rev. 1.0),,Y,630,210,31,30,1.8,PC,,RGB,TRX40,sTRX4,XL-ATX,DDR4,4400,Y,Y,2,Y,4,0,8,6,8,"3+, 2","2+, 2+, 2+, 1",3200,"2133,2400,2667,2933,3200,3300,3333,3400,3466,3600,3733,3866,4000, 4133, 4266, 4400",2133,100,,v1_8_0\Prefabs\MotherBoards\GigaByte\MB_Gigabyte_TRX40_DESIGNARE,GIGABYTE TRX40 DESIGNARE (rev. 1.0)
Motherboard,GIGABYTE,X299 AORUS Gaming 9,,Y,400,133,28,1,1.0,,,RGB,X299,LGA 2066,S-ATX,DDR4,4400,Y,Y,3,Y,3,0,8,6,8,"2+, 1+","2+, 1+, 1+, 1+, 1+",2400,"2133,2400,2666,2800,3000,3200,3300,3333,3400,3466,3600,3666,3733,3800,3866,4000,4133,4266,4333,4400",2133,100,,Prefabs\MotherBoards\GigaByte\MB_Gigabyte_X299AORUSGaming9,GIGABYTE X299 AORUS Gaming 9
Motherboard,GIGABYTE,X299 DESIGNARE EX,,Y,330,110,29,1,1.0,,,RGB,X299,LGA 2066,S-ATX,DDR4,4400,Y,Y,3,Y,3,0,8,6,8,"2+, 1+","2+, 1+, 1+, 1+, 1+",2400,"2133,2400,2666,2800,3000,3200,3300,3333,3400,3466,3600,3666,3733,3800,3866,4000,4133,4266,4333,4400",2133,100,,Prefabs\MotherBoards\GigaByte\MB_Gigabyte_X299DESIGNAREEX,GIGABYTE X299 DESIGNARE EX
Motherboard,GIGABYTE,X399 AORUS Gaming 7,,Y,390,130,22,30,1.0,,,RGB,X399,TR4,S-ATX,DDR4,3600,Y,Y,4,Y,3,3,8,6,8,"2+, 2+","2+, 1+, 1+, 2+, 1+",2666,"2133,2400,2667,2800,2933,3200,3333,3466,3600",2133,100,,Prefabs\MotherBoards\GigaByte\GigaByte_X399_AORUS_Gaming_7,GIGABYTE X399 AORUS Gaming 7
Motherboard,GIGABYTE,X399 DESIGNARE EX,,Y,400,133,23,40,1.0,,,RGB,X399,TR4,S-ATX,DDR4,3600,Y,Y,4,Y,2,2,8,6,8,"2+, 2+","2+, 1+, 1+, 2+, 1+",2666,"2133,2400,2667,2933,3200,3333,3466,3600",2133,100,,Prefabs\MotherBoards\GigaByte\GigaByte_X399_Designare _EX,GIGABYTE X399 DESIGNARE EX
Motherboard,GIGABYTE,X470 AORUS GAMING 7 WIFI,,Y,240,80,19,60,1.0,,,RGB,X470,AM4,S-ATX,DDR4,3600,Y,Y,3,Y,2,2,4,6,6,"3+, 2+","3+, 2+, 1+",2666,"2133,2400,2666,2933,3000,3200,3300,3400,3600",2133,100,,Prefabs\MotherBoards\GigaByte\GigaByte_X470_AORUS_Gaming_7,GIGABYTE X470 AORUS GAMING 7 WIFI
Motherboard,GIGABYTE,X570 AORUS ELITE WIFI (rev 1.0),,Y,210,70,30,30,1.7,PC,,RGB,X570,AM4,S-ATX,DDR4,4000,Y,Y,3,Y,2,1,4,6,6,"3+, 3+","3+, 3+",3200,"2133,2400,2666,2933,3200,3300,3333,3400,3466,3600,3733,3800,3866,4000",2133,100,,v1_7_0/Prefabs\MotherBoards\GigaByte\MB_Gigabyte_X570_Aorus_Elite_Wifi,GIGABYTE X570 AORUS ELITE WIFI (rev 1.0)
Motherboard,GIGABYTE,X570 AORUS MASTER (rev 1.0),,Y,360,120,30,1,1.6,PC,,RGB,X570,AM4,S-ATX,DDR4,4400,Y,Y,3,Y,2,0,4,6,6,"3+, 2+","3+, 2+, 1+",3200,"2133,2400,2666,2933,3200,3300,3333,3400,3466,3600,3733,3800,3866,4000,4133,4266,4300,4400",2133,100,,Prefabs\MotherBoards\GigaByte\MB_Gigabyte_X570_Aorus_Master,GIGABYTE X570 AORUS MASTER (rev 1.0)
Motherboard,GIGABYTE,X570 AORUS PRO WIFI (rev 1.0),,Y,270,90,30,15,1.7,PC,,RGB,X570,AM4,S-ATX,DDR4,4400,Y,Y,3,Y,2,0,4,6,6,"3+, 2+","3+, 2+, 1+",2666,"2133,2400,2666,2933,3200,3300,3333,3400,3466,3600,3733,3800,3866,4000,4133,4266,4300,4400",2133,100,,v1_7_0/Prefabs\MotherBoards\GigaByte\MB_Gigabyte_X570_Aorus_Pro_Wifi,GIGABYTE X570 AORUS PRO WIFI (rev 1.0)
Motherboard,GIGABYTE,X570 AORUS ULTRA (rev 1.0),,Y,300,100,30,30,1.7,PC,,RGB,X570,AM4,S-ATX,DDR4,4400,Y,Y,3,Y,3,0,4,6,6,"3+, 2+","3+, 2+, 1+",3200,"2133,2400,2666,2933,3200,3300,3333,3400,3466,3600,3733,3800,3866,4000,4133,4266,4300,4400",2133,100,,v1_7_0/Prefabs\MotherBoards\GigaByte\MB_Gigabyte_X570_Aorus_Ultra,GIGABYTE X570 AORUS ULTRA (rev 1.0)
Motherboard,GIGABYTE,X570 AORUS XTREME(rev 1.0),,Y,700,233,30,25,1.6,PC,,RGB,X570,AM4,S-ATX,DDR4,4400,Y,Y,3,Y,3,0,4,6,6,"3+, 2+","3+, 2+, 1+",3200,"2133,2400,2666,2933,3200,3300,3333,3400,3466,3600,3733,3800,3866,4000,4133,4266,4300,4400",2133,100,,Prefabs\MotherBoards\GigaByte\MB_Gigabyte_X570_Aorus_Xtreme,GIGABYTE X570 AORUS XTREME(rev 1.0)
Motherboard,GIGABYTE,X570 Gaming X,,Y,170,57,30,1,1.7,PC,,,X570,AM4,S-ATX,DDR4,4400,Y,Y,3,Y,2,1,4,6,6,"3+, 3+","3+, 3+",3200,"2133,2400,2666,2933,3200,3300,3333,3400,3466,3600,3733,3800,3866,4000,4133,4266,4300,4400",2133,100,,v1_7_0/Prefabs\MotherBoards\GigaByte\MB_Gigabyte_X570_GamingX,GIGABYTE X570 Gaming X
Motherboard,GIGABYTE,X570I AORUS PRO WIFI (rev 1.0),,Y,220,73,30,15,1.7,PC,,RGB,X570,AM4,Mini-ITX,DDR4,4400,,,,Y,2,0,2,4,4,1+,1+,3200,"2133,2400,2666,2933,3200,3300,3333,3400,3466,3600,3733,3800,3866,4000,4133,4266,4300,4400",2133,100,,v1_7_0/Prefabs\MotherBoards\GigaByte\MB_Gigabyte_X570_I_Aorus_Pro_Wifi,GIGABYTE X570I AORUS PRO WIFI (rev 1.0)
Motherboard,GIGABYTE,X589 DESIGNARE EX,Y,Y,835,515,17,95,,,,RGB,X589+,LGA 3647-V1,S-ATX,DDR4,4400,Y,Y,3,Y,3,0,8,6,8,"2+, 1+","2+, 1+, 1+, 1+, 1+",2400,"2133,2400,2666,2800,3000,3200,3300,3333,3400,3466,3600,3666,3733,3800,3866,4000,4133,4266,4333,4400,4500,4600,4700,4800",2133,100,,Prefabs/MotherBoards/GigaByte/MB_Gigabyte_X299DESIGNAREEX,GIGABYTE X589 DESIGNARE EX
Motherboard,GIGABYTE,X628 AORUS WORKSTATION WIFI,Y,Y,585,155,23,45,,,,RGB,X628,LGA 3647-V3,Mini-ITX,DDR4,4400,,,,,1,0,2,4,4,1+,1+,2800,"2133,2400,2666,2800,2933,3200,3600,3733,3800,3866,4000,4133,4200,4400",2133,100,,Prefabs/MotherBoards/GigaByte/MB_Gigabyte_B360N_AourusWIFI,GIGABYTE X628 AORUS WORKSTATION WIFI
Motherboard,GIGABYTE,Z370 AORUS Gaming 7,,Y,250,83,20,20,1.0,,,RGB,Z370,LGA 1151 (Coffee Lake),S-ATX,DDR4,4133,Y,Y,3,Y,3,3,4,6,6,"3+, 2+","3+, 2+, 1+",2666,"2133,2400,2666,2800,3000,3200,3300,3333,3400,3466,3600,3666,3733,3800,3866,4000,4133",2133,100,,Prefabs\MotherBoards\GigaByte\GigaByte_Z370_AORUS_Gaming_7,GIGABYTE Z370 AORUS Gaming 7
Motherboard,GIGABYTE,Z370 AORUS Ultra Gaming,,Y,170,57,16,20,1.0,,,RGB,Z370,LGA 1151 (Coffee Lake),S-ATX,DDR4,4000,Y,Y,3,Y,2,2,4,6,6,"3+, 2+","3+, 2+, 1+",2666,"2133,2400,2666,2800,3000,3200,3300,3333,3400,3466,3600,3666,3733,3800,3866,4000",2133,100,,Prefabs\MotherBoards\GigaByte\GigaByte_Z370_AORUS_UltraGaming,GIGABYTE Z370 AORUS Ultra Gaming
Motherboard,Mortoni,A320M Mtech plus,,Y,150,50,3,1,1.0,,,,A320,AM4,S-ATX,DDR4,3600,,,,,0,0,4,6,6,"3+, 3+","3+, 3+",2133,"2133,2400,2666,2800,3000,3200,3300,3400,3600",2133,100,,Prefabs/Generic/Motherboard_AM4,Mortoni A320M Mtech plus
Motherboard,Mortoni,A320M Mtech plus Rev. 2.0,Y,,200,75,4,50,,,,,A320,AM4,S-ATX,DDR4,3866,Y,,,,0,0,4,6,6,"3+, 3+","3+, 3+",2133,"2133,2400,2666,2800,3000,3200,3300,3400,3600,3866",2133,100,,Prefabs/Generic/Motherboard_AM4,Mortoni A320M Mtech plus Rev. 2.0
Motherboard,Mortoni,C589 Mtech,Y,Y,245,33,14,1,,,,,C589,LGA 3647-V1,S-ATX,DDR4,3600,,,,,0,0,4,6,6,"3+, 3+","3+, 3+",2133,"2133,2400,2666,2933,3000,3200,3400,3600",2133,100,,Prefabs/Generic/Motherboard_LGA1151,Mortoni C589 Mtech
Motherboard,Mortoni,C679 Mtech,Y,Y,750,375,28,15,,,,,C679,LGA 5903,S-ATX,DDR4ECC,3866,,Y,,,0,0,4,6,6,"3+, 3+","3+, 3+",2133,"2133,2400,2666,2933,3000,3200,3400,3600,3866",2133,100,,Prefabs/Generic/Motherboard_LGA1151,Mortoni C679 Mtech
Motherboard,Mortoni,C679 Mtech (2P),Y,Y,1350,650,29,15,,,,,C679,LGA 5903 (2P),S-ATX,DDR4ECC,3600,,Y,,,0,0,4,6,6,"3+, 3+","3+, 3+",2133,"2133,2400,2666,2933,3000,3200,3400,3600",2133,100,,Prefabs/Generic/Motherboard_LGA1151,Mortoni C679 Mtech (2P)
Motherboard,Mortoni,H170 Mtech,,Y,100,33,1,1,1.0,,,,H170,LGA 1151 (Skylake),S-ATX,DDR4,2666,,,,,0,0,4,6,6,"3+, 3+","3+, 3+",2133,"2133,2400,2666",2133,100,,Prefabs/Generic/Motherboard_LGA1151,Mortoni H170 Mtech
Motherboard,Mortoni,H170 Mtech plus,,Y,150,50,1,1,1.0,,,,H170,LGA 1151 (Skylake),S-ATX,DDR4,2800,,,,,0,0,4,6,6,"3+, 3+","3+, 3+",2133,"2133,2400,2666,2800",2133,100,,Prefabs/Generic/Motherboard_LGA1151,Mortoni H170 Mtech plus
Motherboard,Mortoni,W10C Mtech,Y,Y,450,175,27,1,,,,,W10C,LGA 4926,S-ATX,DDR4ECC,4000,,Y,,,0,0,4,6,6,"3+, 3+","3+, 3+",2133,"2133,2400,2666,2933,3000,3200,3400,3600,3866,4000",2133,100,,Prefabs/Generic/Motherboard_LGA1151,Mortoni W10C Mtech
Motherboard,Mortoni,W10C Mtech (2P),Y,Y,815,395,28,1,,,,,W10C,LGA 4926 (2P),S-ATX,DDR4ECC,3866,,Y,,,0,0,4,6,6,"3+, 3+","3+, 3+",2133,"2133,2400,2666,2933,3000,3200,3400,3600,3866",2133,100,,Prefabs/Generic/Motherboard_LGA1151,Mortoni W10C Mtech (2P)
Motherboard,MSI,B450 TOMAHAWK,,Y,150,50,19,1,1.0,,,RGB,B450,AM4,S-ATX,DDR4,3466,Y,,3,Y,1,1,4,6,6,"3+, 3+","3+, 3+",2400,"1866,2133,2400,2666,2800,2933,3000,3066,3200,3466",1866,100,,Prefabs/MotherBoards/MSI/MB_MSI_B450_TOMAHAWK,MSI B450 TOMAHAWK
Motherboard,MSI,B450 TOMAHAWK (rev 2.0),Y,,180,65,20,25,,,,RGB,B450,AM4,S-ATX,DDR4,4000,Y,Y,3,Y,1,1,4,6,6,"3+, 3+","3+, 3+",2400,"1866,2133,2400,2666,2800,2933,3000,3066,3200,3466,3666,3866,4000",1866,100,,Prefabs/MotherBoards/MSI/MB_MSI_B450_TOMAHAWK,MSI B450 TOMAHAWK (rev 2.0)
Motherboard,MSI,B450I GAMING PLUS AC,,Y,180,60,20,60,1.0,,,,B450,AM4,Mini-ITX,DDR4,3466,,,,Y,1,0,2,4,4,1+,1+,2400,"1866,2133,2400,2666,2800,2933,3000,3066,3200,3466",1866,100,,Prefabs/MotherBoards/MSI/MB_MSI_B450I_GAMING_PLUS_AC,MSI B450I GAMING PLUS AC
Motherboard,MSI,B450M Mortar Max,,Y,200,67,18,1,1.8,PC,,RGB,B450,AM4,Micro-ATX,DDR4,4133,Y,Y,3,Y,2,2,4,4,4,"3+, 1+","3+, 1+",2666,"2133,2400,2666,2800,2933,3000,3066,3200,3466,4000,4133",2133,100,,v1_8_0\Prefabs/MotherBoards/MSI/MB_MSI_B450M_Mortar_Max,MSI B450M Mortar Max
Motherboard,MSI,Creator SP6r1X,Y,Y,1000,650,31,80,,PC,,RGB,SP6r1X,SP6,E-ATX,DDR4ECC,5000,Y,Y,3,Y,3,0,8,6,6,"2+, 2+","2+, 1+ 2+, 1+",3200,"2133,2400,2666,2933,3000,3200,3333,3600,3866,4000,4133,4200,4333,4666,4800,4900,5000",2133,100,,v1_10_0/Prefabs/MotherBoards/MSI/MB_MSI_Creator_TRX40,MSI Creator SP6r1X
Motherboard,MSI,Creator SP6r1X (2P),Y,Y,2350,1650,31,80,,PC,,RGB,SP6r1X,SP6 (2P),E-ATX,DDR4ECC,4800,Y,Y,3,Y,3,0,8,6,6,"2+, 2+","2+, 1+ 2+, 1+",3200,"2133,2400,2666,2933,3000,3200,3333,3600,3866,4000,4133,4200,4333,4666,4800",2133,100,,v1_10_0/Prefabs/MotherBoards/MSI/MB_MSI_Creator_TRX40,MSI Creator SP6r1X (2P)
Motherboard,MSI,Creator TRX40,,Y,700,233,32,80,1.10,PC,,RGB,TRX40,sTRX4,E-ATX,DDR4,4666,Y,Y,3,Y,3,0,8,6,6,"2+, 2+","2+, 1+ 2+, 1+",3200,"2133,2400,2666,3200,3600,4000,4666",2133,100,,v1_10_0\Prefabs/MotherBoards/MSI/MB_MSI_Creator_TRX40,MSI Creator TRX40
Motherboard,MSI,MAG B460 TOMAHAWK,,Y,140,47,32,1,1.9,PC,,RGB,B460,LGA 1200,S-ATX,DDR4,2933,Y,Y,3,,2,1,4,6,6,"3+, 3+","3+, 3+",2933,"2133,2400,2666,2933",2133,100,,v1_9_0\Prefabs/MotherBoards/MSI/MB_MSI_MAG_B460_Tomahawk,MSI MAG B460 TOMAHAWK
Motherboard,MSI,MAG B460M BAZOOKA,,Y,105,35,32,1,1.9,PC,,,B460,LGA 1200,Micro-ATX,DDR4,2933,Y,Y,,,2,1,4,4,4,3+,3+,2933,"2133,2400,2666,2933",2133,100,,v1_9_0\Prefabs/MotherBoards/MSI/MB_MSI_MAG_B460M_Bazooka,MSI MAG B460M BAZOOKA
Motherboard,MSI,MAG X628 TOMAHAWK,Y,Y,285,70,18,20,,PC,,RGB,X628,LGA 3647-V3,S-ATX,DDR4ECC,2800,,,3,Y,2,1,4,6,6,"3+, 2+","3+, 2+, 1+",2666,"2133,2400,2666,2800",2133,100,,Prefabs/MotherBoards/MSI/MSI_MAG_Z390_TOMAHAWK,MSI MAG X628 TOMAHAWK
Motherboard,MSI,MAG Z390 TOMAHAWK,,Y,210,70,26,20,1.6,PC,,RGB,Z390,LGA 1151 (Coffee Lake),S-ATX,DDR4,4400,Y,Y,3,Y,2,1,4,6,6,"3+, 2+","3+, 2+, 1+",2666,"2133,2400,2666,2800,3000,3200,3300,3333,3400,3466,3600,3733,3866,4000,4133,4200,4266,4300,4400",2133,100,,Prefabs/MotherBoards/MSI/MSI_MAG_Z390_TOMAHAWK,MSI MAG Z390 TOMAHAWK
Motherboard,MSI,MEG X570 ACE,,Y,370,123,32,60,1.10,PC,,RGB,X570,AM4,S-ATX,DDR4,5000,Y,Y,3,Y,3,0,4,4,4,"3+, 2+","3+, 2+, 1+",3200,"1866,2133,2400,2667,2800,2933,3000,3066,3200,3466,3600,3733,3866,4000,4133,4266,4400,4533,4600,4733,4800,5000",1866,100,,v1_10_0\Prefabs/MotherBoards/MSI/MB_MSI_MEG_X570_ACE,MSI MEG X570 ACE
Motherboard,MSI,MEG X570 Godlike,,Y,700,233,32,20,1.8,PC,,RGB,X570,AM4,S-ATX,DDR4,5000,Y,Y,4,Y,3,0,4,6,6,"2+, 2+","2+, 2+, 2+, 1+",3200,"2133,2400,2666,2800,2933,3000,3066,3200,3466,3600,3733,3866,4000,4133,4266,4400,4533,4600,4733,4800,5000",2133,100,,v1_8_0\Prefabs/MotherBoards/MSI/MB_MSI_MEG_X570_Godlike,MSI MEG X570 Godlike
Motherboard,MSI,MEG X570 UNIFY,,Y,300,100,32,60,1.10,PC,,,X570,AM4,S-ATX,DDR4,5000,Y,Y,3,Y,3,0,4,4,4,"3+, 2+","3+, 2+, 1+",3200,"1866,2133,2400,2667,2800,2933,3000,3066,3200,3466,3600,3733,3866,4000,4133,4266,4400,4533,4600,4733,4800,5000",1866,100,,v1_10_0\Prefabs/MotherBoards/MSI/MB_MSI_MEG_X570_UNIFY,MSI MEG X570 UNIFY
Motherboard,MSI,MEG Z390 ACE,,Y,280,93,26,20,1.6,PC,,RGB,Z390,LGA 1151 (Coffee Lake),S-ATX,DDR4,4500,Y,Y,3,Y,3,2,4,6,6,"3+, 2+","3+, 2+, 1+",2666,"2133,2400,2666,2800,3000,3200,3300,3333,3400,3466,3600,3733,3866,4000,4133,4200,4266,4300,4400,4500",2133,100,,Prefabs/MotherBoards/MSI/MB_MSI_MEG_Z390ACE,MSI MEG Z390 ACE
Motherboard,MSI,MEG Z490I Unify,,Y,270,90,32,40,1.9,PC,,,Z490,LGA 1200,Mini-ITX,DDR4,5000,Y,Y,,Y,2,0,2,2,2,1+,1+,2933,"2133,2400,2666,2933,3000,3200,3300,3333,3400,3466,3600,3733,3866,4000,4133,4200,4266,4300,4400,4533,4600,4800,5000",2133,100,,v1_9_0\Prefabs/MotherBoards/MSI/MB_MSI_MEG_Z490I_Unify,MSI MEG Z490I Unify
Motherboard,MSI,MPG B550 Gaming EDGE Wifi,,Y,190,63,32,30,1.10.5,,,RGB,B550,AM4,S-ATX,DDR4,5100,Y,Y,3,Y,2,1,4,6,6,"3+, 3+","3+, 1+, 3+, 1+",3200,"1866,2133,2400,2667,2800,2933,3000,3066,3200,3466,3600,3733,3866,4000,4133,4266,4400,4466,4533,4600,4866,5000,5100",1866,100,,v1_10_0\Prefabs/MotherBoards/MSI/MB_MSI_MPG_B550_GAMING_EDGE_WIFI,MSI MPG B550 Gaming EDGE Wifi
Motherboard,MSI,MPG X570 GAMING EDGE WIFI,,Y,360,120,31,20,1.8,PC,,RGB,X570,AM4,S-ATX,DDR4,4400,Y,Y,3,Y,2,1,4,6,6,"3+, 3+","3+, 3+",3200,"2133,2400,2666,2800,2933,3000,3066,3200,3466,3600,3733,3866,4000,4133,4266,4400",2133,100,,v1_8_0\Prefabs/MotherBoards/MSI/MB_MSI_MPG_X570_Gaming_Edge_Wifi,MSI MPG X570 GAMING EDGE WIFI
Motherboard,MSI,MPG X570 Gaming Plus,,Y,170,57,32,60,1.10,PC,,,X570,AM4,S-ATX,DDR4,4400,Y,Y,3,Y,2,1,4,6,6,"3+, 2+","3+, 2+",3200,"1866,2133,2400,2667,2800,2933,3000,3066,3200,3466,3600,3733,3866,4000,4133,4266,4400",1866,100,,v1_10_0\Prefabs/MotherBoards/MSI/MB_MSI_MPG_X570_GAMING_PLUS,MSI MPG X570 Gaming Plus
Motherboard,MSI,MPG X570 GAMING PRO CARBON WIFI,,Y,375,125,31,20,1.8,PC,,RGB,X570,AM4,S-ATX,DDR4,4400,Y,Y,3,Y,2,0,4,4,6,"3+, 3+","3+, 3+",3200,"2133,2400,2666,2800,2933,3000,3066,3200,3466,3600,3733,3866,4000,4133,4266,4400",2133,100,,v1_8_0\Prefabs/MotherBoards/MSI/MB_MSI_MPG_X570_Gaming_Pro_Carbon_Wifi,MSI MPG X570 GAMING PRO CARBON WIFI
Motherboard,MSI,MPG X628 WORKSTATION PRO CARBON,Y,Y,615,250,23,15,,,,RGB,X628,LGA 3647-V3,S-ATX,DDR4ECC,4266,Y,Y,3,Y,2,1,4,6,6,"3+, 2+","3+, 2+, 1+",2666,"2133,2400,2666,2800,3000,3200,3300,3333,3400,3466,3600,3733,3866,4000,4133,4200,4266",2133,100,,Prefabs/MotherBoards/MSI/MB_MSI_MPG_Z390_GAMINGPROCARBON,MSI MPG X628 WORKSTATION PRO CARBON
Motherboard,MSI,MPG Z390 GAMING EDGE AC,,Y,190,63,26,20,1.6,PC,,RGB,Z390,LGA 1151 (Coffee Lake),S-ATX,DDR4,4400,Y,Y,3,Y,2,2,4,6,6,"3+, 2+","3+, 2+, 1+",2666,"2133,2400,2666,2800,3000,3200,3300,3333,3400,3466,3600,3733,3866,4000,4133,4200,4266,4300,4400",2133,100,,Prefabs/MotherBoards/MSI/MB_MSI_MPG_Z390_GamingEdge_AC,MSI MPG Z390 GAMING EDGE AC
Motherboard,MSI,MPG Z390 GAMING PRO CARBON,,Y,200,67,21,20,1.2,,,RGB,Z390,LGA 1151 (Coffee Lake),S-ATX,DDR4,4400,Y,Y,3,Y,2,1,4,6,6,"3+, 2+","3+, 2+, 1+",2666,"2133,2400,2666,2800,3000,3200,3300,3333,3400,3466,3600,3733,3866,4000,4133,4200,4266,4300,4400",2133,100,,Prefabs/MotherBoards/MSI/MB_MSI_MPG_Z390_GAMINGPROCARBON,MSI MPG Z390 GAMING PRO CARBON
Motherboard,MSI,MPG Z490 Gaming Carbon Wifi,,Y,270,90,32,40,1.9,PC,,RGB,Z490,LGA 1200,S-ATX,DDR4,5000,Y,Y,3,Y,2,0,4,6,6,"3+, 3+","3+, 3+",2933,"2133,2400,2666,2933,3000,3200,3300,3333,3400,3466,3600,3733,3866,4000,4133,4200,4266,4300,4400,4533,4600,4800,5000",2133,100,,v1_9_0\Prefabs/MotherBoards/MSI/MB_MSI_MPG_Z490_GAMING_CARBON_WIFI,MSI MPG Z490 Gaming Carbon Wifi
Motherboard,MSI,MPG Z490M Gaming Edge Wifi,,Y,190,63,32,40,1.9,PC,,RGB,Z490,LGA 1200,Micro-ATX,DDR4,4800,Y,Y,2,Y,2,2,4,4,4,"2+, 2+","2+, 2+",2933,"2133,2400,2666,2933,3000,3200,3300,3333,3400,3466,3600,3733,3866,4000,4133,4200,4266,4300,4400,4533,4600,4800",2133,100,,v1_9_0\Prefabs/MotherBoards/MSI/MB_MSI_MPG_Z490M_Gaming_Edge_Wifi,MSI MPG Z490M Gaming Edge Wifi
Motherboard,MSI,Prestige X570 Creation,,Y,500,167,32,70,1.9,PC,,RGB,X570,AM4,E-ATX,DDR4,5000,Y,Y,3,Y,2,0,4,6,6,"3+, 2+","3+, 2+, 1+",3200,"1866,2133,2400,2666,2800,2933,3000,3066,3200,3466,3600,3733,3866,4000,4133,4266,4400,4533,4600,4733,4800,5000",1866,100,,v1_9_0\Prefabs/MotherBoards/MSI/MB_MSI_Prestige_X570_Creation,MSI Prestige X570 Creation
Motherboard,MSI,SP3r1 Workstation Pro Carbon,Y,Y,415,145,18,1,,,,RGB,SP3r1,SP3r1,S-ATX,DDR4ECC,3200,Y,,4,,3,3,8,6,8,"2+, 2+","2+, 2+, 2+, 1+",2666,"2133,2400,2667,2800,2933,3066,3200",2133,100,,Prefabs/MotherBoards/MSI/MSI_X399_Gaming_Pro_Carbon_AC,MSI SP3r1 Workstation Pro Carbon
Motherboard,MSI,SP3r1 Workstation Pro Carbon (2P),Y,Y,850,350,19,1,,,,RGB,SP3r1,SP3r1 (2P),S-ATX,DDR4ECC,3200,Y,,4,,3,3,8,6,8,"2+, 2+","2+, 2+, 2+, 1+",2666,"2133,2400,2667,2800,2933,3066,3200",2133,100,,Prefabs/MotherBoards/MSI/MSI_X399_Gaming_Pro_Carbon_AC,MSI SP3r1 Workstation Pro Carbon (2P)
Motherboard,MSI,SP6r1X PRO 10G,Y,Y,650,350,29,35,,PC,,,SP6r1,SP6,S-ATX,DDR4ECC,4133,Y,Y,3,,2,0,8,6,8,"2+, 2+","2+, 1+ 2+, 1+",3200,"2133,2400,2666,3200,3466,3866,4000,4133",2133,100,,v1_10_0/Prefabs/MotherBoards/MSI/MB_MSI_TRX40_Pro_10G,MSI SP6r1X PRO 10G
Motherboard,MSI,SP6r1X PRO 10G (2P),Y,Y,1650,1250,30,35,,PC,,,SP6r1,SP6 (2P),S-ATX,DDR4ECC,4000,Y,Y,3,,2,0,8,6,8,"2+, 2+","2+, 1+ 2+, 1+",3200,"2133,2400,2666,3200,3466,3866,4000",2133,100,,v1_10_0/Prefabs/MotherBoards/MSI/MB_MSI_TRX40_Pro_10G,MSI SP6r1X PRO 10G (2P)
Motherboard,MSI,SP6r1X PRO Wifi,Y,Y,785,485,30,80,,PC,,,SP6r1X,SP6,S-ATX,DDR4ECC,4666,Y,Y,3,Y,2,0,8,6,8,"2+, 2+","2+, 1+, 2+, 1+",3200,"2133,2400,2666,2800,2933,3000,3200,3466,3600,3733,3866,4000,4133,4266,4400,4600,4666",2133,100,,v1_9_0/Prefabs/MotherBoards/MSI/MB_MSI_TRX40_Pro_Wifi,MSI SP6r1X PRO Wifi
Motherboard,MSI,SP6r1X PRO Wifi (2P),Y,Y,1985,1485,30,80,,PC,,,SP6r1X,SP6 (2P),S-ATX,DDR4ECC,4400,Y,Y,3,Y,2,0,8,6,8,"2+, 2+","2+, 1+, 2+, 1+",3200,"2133,2400,2666,2800,2933,3000,3200,3466,3600,3733,3866,4000,4133,4266,4400",2133,100,,v1_9_0/Prefabs/MotherBoards/MSI/MB_MSI_TRX40_Pro_Wifi,MSI SP6r1X PRO Wifi (2P)
Motherboard,MSI,TRX40 PRO 10G,,Y,450,150,32,80,1.10,PC,,,TRX40,sTRX4,S-ATX,DDR4,4666,Y,Y,3,Y,2,0,8,6,8,"2+, 2+","2+, 1+ 2+, 1+",3200,"2133,2400,2666,3200,3466,3866,4000,4666",2133,100,,v1_10_0\Prefabs/MotherBoards/MSI/MB_MSI_TRX40_Pro_10G,MSI TRX40 PRO 10G
Motherboard,MSI,TRX40 PRO Wifi,,Y,400,133,31,80,1.9,PC,,,TRX40,sTRX4,S-ATX,DDR4,4666,Y,Y,3,Y,2,0,8,6,8,"2+, 2+","2+, 1+, 2+, 1+",3200,"2133,2400,2666,2800,2933,3000,3200,3466,3600,3733,3866,4000,4266,4400,4600,4666",2133,100,,v1_9_0\Prefabs/MotherBoards/MSI/MB_MSI_TRX40_Pro_Wifi,MSI TRX40 PRO Wifi
Motherboard,MSI,X399 Gaming Pro Carbon AC,,Y,380,126,22,1,1.0,,,RGB,X399,TR4,S-ATX,DDR4,3600,Y,Y,4,Y,3,3,8,6,8,"2+, 2+","2+, 2+, 2+, 1+",2666,"2133,2400,2667,2800,2933,3066,3200,3333,3466,3600",2133,100,,Prefabs/MotherBoards/MSI/MSI_X399_Gaming_Pro_Carbon_AC,MSI X399 Gaming Pro Carbon AC
Motherboard,MSI,X399 Gaming Pro Carbon AC (rev 2.0),Y,,499,205,24,75,,,,RGB,X399,TR4,S-ATX,DDR4,4900,Y,Y,4,Y,3,3,8,6,8,"2+, 2+","2+, 2+, 2+, 1+",2666,"2133,2400,2667,2800,2933,3066,3200,3333,3466,3600,3866,4000,4133,4366,4400,4600,4800,4900",2133,100,,Prefabs/MotherBoards/MSI/MSI_X399_Gaming_Pro_Carbon_AC,MSI X399 Gaming Pro Carbon AC (rev 2.0)
Motherboard,MSI,X570-A PRO,,Y,160,53,30,1,1.9,PC,,,X570,AM4,S-ATX,DDR4,4400,Y,Y,3,Y,2,2,4,6,6,"3+, 3+","2+, 1+, 1+, 1+, 1+",3200,"1866,2133,2400,2666,2800,2933,3000,3066,3200,3466,3600,3733,3866,4000,4133,4266,4400",1866,100,,v1_9_0\Prefabs/MotherBoards/MSI/MB_MSI_X570_A_Pro,MSI X570-A PRO
Motherboard,MSI,X589 Gaming Pro Carbon,Y,Y,365,257,15,65,,,,RGB,X589,LGA 3647-V1,S-ATX,DDR4,3000,Y,,3,Y,2,2,4,6,6,"3+, 2+","3+, 2+, 1+",2400,"2133,2400,2666,2800,3000",2133,100,,Prefabs/Motherboards/MSI/MSI_Z270_GAMINGPROCARBON,MSI X589 Gaming Pro Carbon
Motherboard,MSI,Z270 Gaming Pro Carbon,,Y,175,58,7,1,1.0,,,RGB,Z270,LGA 1151 (Kaby Lake),S-ATX,DDR4,3800,Y,Y,3,Y,2,2,4,6,6,"3+, 2+","3+, 2+, 1+",2400,"2133,2400,2600,2800,3000,3200,3600,3800",2133,100,,Prefabs/Motherboards/MSI/MSI_Z270_GAMINGPROCARBON,MSI Z270 Gaming Pro Carbon
Motherboard,MSI,Z370 Gaming Pro Carbon,,Y,190,63,17,45,1.0,,,RGB,Z370,LGA 1151 (Coffee Lake),S-ATX,DDR4,4000,Y,Y,3,Y,2,2,4,6,6,"3+, 2+","3+, 2+, 1+",2666,"2133,2400,2667,2800,3000,3200,3300,3333,3400,3466,3600,3733,3866,4000",2133,100,,Prefabs/MotherBoards/MSI/MSI_Z370_GamingProCarbon,MSI Z370 Gaming Pro Carbon
Motherboard,NZXT,N7 Z370 (Black),,Y,240,80,16,60,1.0,,,,Z370,LGA 1151 (Coffee Lake),S-ATX,DDR4,3866,Y,Y,3,Y,2,2,4,4,4,"3+, 3+","3+, 3+",2666,"2133,2400,2666,2800,3000,3200,3300,3333,3400,3466,3600,3733,3866",2133,100,,Prefabs/MotherBoards/NZXT/NZXT_N7_Z370_BLACK,NZXT N7 Z370 (Black)
Motherboard,NZXT,N7 Z370 (White),,Y,240,80,16,40,1.0,,,,Z370,LGA 1151 (Coffee Lake),S-ATX,DDR4,3866,Y,Y,3,Y,2,2,4,4,4,"3+, 3+","3+, 3+",2666,"2133,2400,2666,2800,3000,3200,3300,3333,3400,3466,3600,3733,3866",2133,100,,Prefabs/MotherBoards/NZXT/NZXT_N7_Z370,NZXT N7 Z370 (White)
Motherboard,NZXT,N7 Z390 (Black),,Y,275,92,20,1,1.0,,,,Z390,LGA 1151 (Coffee Lake),S-ATX,DDR4,3866,Y,Y,3,Y,2,1,4,4,4,"3+, 3+","3+, 3+",2666,"2133,2400,2666,2800,3000,3200,3300,3333,3400,3466,3600,3733,3866",2133,100,,Prefabs/MotherBoards/NZXT/MB_NZXT_N7Z390_Motherboard_Black,NZXT N7 Z390 (Black)
Motherboard,NZXT,N7 Z390 (White),,Y,275,92,20,20,1.0,,,,Z390,LGA 1151 (Coffee Lake),S-ATX,DDR4,3866,Y,Y,3,Y,2,1,4,4,4,"3+, 3+","3+, 3+",2666,"2133,2400,2666,2800,3000,3200,3300,3333,3400,3466,3600,3733,3866",2133,100,,Prefabs/MotherBoards/NZXT/MB_NZXT_N7Z390_Motherboard_White,NZXT N7 Z390 (White)
Motherboard,NZXT,N9 Z390 (Black),Y,Y,350,100,23,25,,,,,Z390,LGA 1151 (Coffee Lake),S-ATX,DDR4,5400,Y,Y,3,Y,2,1,4,4,4,"3+, 3+","3+, 3+",3466,"2133,2400,2666,2800,3000,3200,3300,3333,3400,3466,3600,3733,3866,4000,4133,4200,4366,4400,4500,4600,4666,4700,4800,5000,5133,5200,5400",2133,100,,Prefabs/MotherBoards/NZXT/MB_NZXT_N7Z390_Motherboard_Black,NZXT N9 Z390 (Black)
Motherboard,NZXT,N9 Z390 (White),Y,Y,350,100,23,25,,,,,Z390,LGA 1151 (Coffee Lake),S-ATX,DDR4,5400,Y,Y,3,Y,2,1,4,4,4,"3+, 3+","3+, 3+",3466,"2133,2400,2666,2800,3000,3200,3300,3333,3400,3466,3600,3733,3866,4000,4133,4200,4366,4400,4500,4600,4666,4700,4800,5000,5133,5200,5400",2133,100,,Prefabs/MotherBoards/NZXT/MB_NZXT_N7Z390_Motherboard_White,NZXT N9 Z390 (White)
